volid,reviewed,obscure,pubdate,birthdate,gender,nation,allwords,logistic,author,title,pubname,actually,realclass
loc.ark+=13960=t4nk3w12z,rev,known,1886,1855,m,us,24523,0.815740646852,"Adams, Oscar Fay,",Post-laureate idyls,ATL,reviewed,1
uc2.ark+=13960=t0tq5ww75,rev,known,1874,1803,m,uk,44904,0.797858687505,"Lytton, Edward Robert Bulwer Lytton,",Fables in song,FR,reviewed,1
uc2.ark+=13960=t9p26qv5r,rev,known,1872,1825,f,us,38354,0.615915520701,"Dorr, Julia C. R.",Poems,ATL,reviewed,1
nyp.33433075742266,rev,known,1883,1844,m,us,8610,0.766769641861,"Thompson, Maurice,",Songs of fair weather,ATL,reviewed,1
njp.32101068176153,rev,known,1886,1840,m,uk,50626,0.950064491015,"Carpenter, Henry Bernard,",Liber amoris,ATL,reviewed,1
uc1.32106001957635,rev,known,1872,1809,m,uk,14105,0.920023516181,"Tennyson, Alfred Tennyson,",Gareth and Lynette,FR,"Norton, in-set",1
mdp.39015046406727,rev,known,1899,1865,m,uk,7785,0.996964974025,"Yeats, W. B.",The wind among the reeds,FR,"Norton, in-set",1
uc1.b3345658,rev,obscure,1912,0,f,uk,23102,0.803562975061,"Sweeny, Mildred M' Neal.","Men of no land, and other poems",PMV,reviewed,1
loc.ark+=13960=t0sq9fz3z,rev,known,1843,1795,m,us,40749,0.320923123368,"Percival, James Gates,",Dream of a day,GrM,reviewed,1
uc2.ark+=13960=t1zc7s42g,rev,known,1887,1857,f,us,11670,0.960212191792,"Deland, Margaret Wade Campbell,",Old garden & other verses,ATL,reviewed,1
loc.ark+=13960=t5q81t975,rev,known,1841,1809,m,us,19855,0.456029330339,"Earle, Pliny",Marathon,GrM,reviewed,1
uc2.ark+=13960=t8cf9nt5b,not,obscure,1816,1771,m,uk,2437,0.278014196162,"Montgomery, James,","Verses to the memory of the late Richard Reynolds, of Bristol",,random,0
uc2.ark+=13960=t5h98zx14,rev,known,1912,1874,f,us,14251,0.855880936676,"Lowell, Amy,",A dome of many-colored glass,EGO,"Norton, in-set",1
nnc1.50196709,rev,known,1855,1815,m,uk,16716,0.604688392381,"Boner, Charles,",Cain,WR,reviewed,1
uc2.ark+=13960=t9c53mb7v,rev,known,1900,1869,m,uk,10294,0.667078134868,"Binyon, Laurence,",Odes,FR,reviewed,1
uc2.ark+=13960=t9280b957,rev,obscure,1865,0,,,44630,0.806546682657,"Prideaux, Fanny Ann.",Claudia,WR,reviewed,1
njp.32101068604063,rev,known,1885,1850,m,uk,9070,0.955808535678,"Stevenson, Robert Louis,",A child's garden of verses,FR,reviewed,1
loc.ark+=13960=t6n01p000,not,obscure,1886,1856,m,us,30556,0.0954822830744,"Hale, William,",Shore life in song,,random,0
nyp.33433076039506,not,obscure,1912,1858,f,us,10108,0.417087882738,"Adams, Adeline,",Sylvia,,random,0
uc2.ark+=13960=t8v984f2b,rev,known,1837,1806,f,uk,22492,0.683137535884,"Stuart-Wortley, Emmeline,",Fragments and fancies,QR,reviewed,1
hvd.hx5ei3,not,obscure,1842,1787,m,us,44315,0.0542532856936,"Foster, Nathan Lanesford,",The last of his family;,,random,0
loc.ark+=13960=t90872358,rev,known,1873,1844,m,uk,32934,0.448371027482,"O'Reilly, John Boyle,",Songs from the southern seas,ATL,reviewed,1
uc2.ark+=13960=t7hq3sh5d,not,obscure,1911,1840,m,us,23143,0.512917071039,"Barnard, William Francis.","The tongues of toil, and other poems",,random,0
njp.32101064713173,not,obscure,1880,1843,m,us,11031,0.380503632906,"Selden, Samuel,",Poems,,random,0
loc.ark+=13960=t1gj02d1m,not,obscure,1854,1807,f,us,39919,0.324655287653,"Hewitt, Mary E.",Poems,,random,0
uc2.ark+=13960=t05x2bh3q,not,obscure,1865,0,,,43754,0.0829774169619,anonymous7,Wermigey; or The weir amid the water,,random,0
loc.ark+=13960=t78s5hf3h,not,obscure,1833,1775,f,uk,107985,0.233821388243,"Bulmer, Agnes (Collinson),",Messiah's kingdom,,random,0
loc.ark+=13960=t42r4b17k,not,obscure,1914,1871,f,us,10056,0.181704450511,"Hinckley, Mercy Adeline,",Life-colors,,random,0
uc1.b119185,not,obscure,1875,1845,m,uk,55366,0.577695601047,"Anderson, Alexander",The Two Angels,,random,0
uc2.ark+=13960=t58d04x2h,rev,known,1863,1836,m,us,13029,0.643702552727,"Aldrich, Thomas Bailey,",Poems,FR,reviewed,1
uc1.b158350,rev,known,1866,1841,m,uk,47567,0.967459621643,"Buchanan, Robert Williams,",London poems,FR,reviewed,1
uc1.b182439,rev,known,1856,1824,m,uk,39429,0.624367278048,"Dobell, Sydney,",England in time of war,ER,reviewed,1
uc2.ark+=13960=t7gq6s57q,not,obscure,1869,0,m,us,2680,0.00738134430373,"Krause, William E. F.",The sanctity of marriage,,random,0
uc2.ark+=13960=t3qv3cf46,not,obscure,1912,1862,m,us,18232,0.509350482438,"Kiser, Samuel E.",The land of little care,,random,0
loc.ark+=13960=t7zk64j0c,rev,known,1904,1860,m,us,9573,0.837440963286,"Sherman, Frank Dempster,",Lyrics of joy,ATL,reviewed,1
loc.ark+=13960=t7xk8wp35,not,obscure,1835,1812,m,us,2455,0.057022673919,"Patterson, Stephen,",The contrast,,random,0
nyp.33433082171996,not,obscure,1880,1836,m,us,37809,0.0640241033229,"Goddard, Sextus P.","Buds, briars and berries",,random,0
nyp.33433074846860,rev,known,1849,1812,m,uk,39755,0.690803386334,"Browning, Robert,",Poems,GrM,"Norton, in-set",1
nyp.33433075809081,not,obscure,1867,1833,m,us,6759,0.0585167080503,"MacEuen, Malcolm.",A mosaic from Italy,,random,0
hvd.hn8n81,not,obscure,1823,1795,m,us,51093,0.404268853806,"Percival, James Gates,",Poems,,random,0
uc2.ark+=13960=t17m05k61,rev,known,1833,1781,m,uk,46591,0.506722860689,"Elliott, Ebenezer,",[Elliott's poems],ER,reviewed,1
uc2.ark+=13960=t21c1v39v,rev,known,1866,1807,m,us,4143,0.755100394966,"Longfellow, Henry Wadsworth,",Flower-de-luce,ATL,"Norton, in-set",1
uc1.b4100495,rev,known,1915,1880,m,uk,8344,0.549804260867,"Stephens, James,",Songs from the clay,PMV,reviewed,1
njp.32101066693696,not,obscure,1835,0,,us,11983,0.26267906139,anonymous8,"A Glance at the nations, with other poems",,random,0
uc2.ark+=13960=t82j69g7s,rev,known,1875,1849,m,us,11060,0.938152388955,"Baker, George Augustus,",Point lace and diamonds,ATL,reviewed,1
uc1.b3579414,rev,known,1873,1834,m,uk,27832,0.969819282156,"Morris, William,","Love is enough, or The freeing of Pharamond",FR,"Norton, in-set",1
nyp.33433069354185,not,obscure,1896,1845,m,us,20612,0.140315816334,"Pitcher, James,",The hermit of Moss Pond,,random,0
hvd.32044018706432,rev,known,1845,1786,f,uk,41434,0.846751019261,"Southey, Caroline Bowles,",The birth-day,QR,reviewed,1
uc2.ark+=13960=fk23b5wf3t,rev,known,1860,1826,f,uk,33742,0.692713857652,"Craik, Dinah Maria Mulock,",Poems,ATL,reviewed,1
nyp.33433082209861,not,obscure,1915,1888,m,us,3624,0.00957377539782,"Emmons, Earl H.,",Redskin rimes,,random,0
njp.32101068168077,not,obscure,1880,1826,f,uk,85768,0.497275557432,"Craik, Dinah Maria Mulock,",Thirty years,,random,0
hvd.hnnzqj,rev,known,1835,1810,m,uk,21608,0.640489414909,"Alford, Henry,",The school of the heart,ER,reviewed,1
nyp.33433075790711,not,obscure,1914,1873,m,us,12686,0.231811484337,"Fisher, Benjamin Franklin,",Life harmonies,,random,0
uc2.ark+=13960=t81j9n694,rev,known,1915,1884,m,uk,4659,0.974302761688,"Flecker, James Elroy,",The old ships,EGO,reviewed,1
uc2.ark+=13960=t2k64b16p,rev,known,1866,1817,m,us,6470,0.408888449099,"Janvier, Francis De Haes,",Patriotic poems,ATL,reviewed,1
loc.ark+=13960=t0pr8c51w,not,obscure,1828,0,f,us,14254,0.109797014825,"Jones, Elizabeth C.",Fugitive poems,,random,0
uc2.ark+=13960=t8x927004,not,obscure,1859,0,m,uk,16236,0.0302977704653,"Beer, John T.",Miscellaneous poems,,random,0
hardywessexpoems1898,addedbecausecanon,known,1898,1840,m,uk,15001,0.883974006734,"Hardy, Thomas",Wessex Poems,,"Norton, added",0
loc.ark+=13960=t07w6wd9p,rev,known,1902,1880,m,us,10889,0.913041512454,"Stevens, Thomas Wood,",The morning road,ATL,reviewed,1
uc2.ark+=13960=t5gb1xt7n,not,obscure,1905,1863,m,us,6642,0.368786546862,"Herford, Oliver,",The fairy godmother-in-law,,random,0
njp.32101064671389,not,obscure,1834,1792,m,uk,43842,0.104384861122,"Trenhaile, J.",Recreations in rhyme,,random,0
loc.ark+=13960=t9w09kt0j,rev,known,1878,1844,m,us,7165,0.840728725384,"Gilder, Richard Watson,",The poet and his master,ATL,reviewed,1
nyp.33433074899802,not,obscure,1833,1784,m,uk,22135,0.337072583885,"Kenyon, John,",Rhymed plea for tolerance,,random,0
uc1.b119842,not,obscure,1888,1836,f,us,28708,0.428399528651,"Mace, Frances Parker (Laughton)",Under pine and plam,,random,0
uc2.ark+=13960=t3bz6276h,rev,known,1880,1827,f,us,11200,0.761828728454,"Greenough, Richard S.,",Mary Magdalene,ATL,reviewed,1
loc.ark+=13960=t5cc1g772,rev,known,1871,1819,m,us,11045,0.778220551488,"Greene, William Batchelder,",Imogen,ATL,reviewed,1
uc1.b165960,rev,known,1855,1831,m,uk,55723,0.933080286929,"Lytton, Edward Robert Bulwer Lytton,",Clytemnestra ; The earl's return ; The artist ; and other poems,ER,reviewed,1
uc2.ark+=13960=t5fb55w84,rev,known,1878,1837,m,uk,28770,0.992836875254,"Swinburne, Algernon Charles,","Poems and ballads, second series",FR,"Norton, in-set",1
uc1.b165945,rev,known,1830,1807,m,uk,47528,0.888233843695,"Montgomery, Robert,","Satan, a poem",ER,reviewed,1
loc.ark+=13960=t9r21qp19,rev,known,1875,1844,m,us,8742,0.856961089298,"Gilder, Richard Watson,",The new day,ATL,reviewed,1
loc.ark+=13960=t0tq6s38g,not,obscure,1913,1877,m,us,14213,0.531415584666,"Malloch, Douglas.",The woods,,random,0
loc.ark+=13960=t8w95rc5h,not,obscure,1904,1830,m,,30956,0.272593866042,"St. John, Charles Henry.",The dawn of freedom;,,random,0
uc2.ark+=13960=t9959jh8d,rev,known,1847,1800,m,uk,13336,0.770726193499,"Taylor, Henry,","The eve of the conquest, and other poems",ER,reviewed,1
nyp.33433082209572,not,obscure,1901,1815,m,us,16115,0.0270954941228,"Edgar, Timothy Bloomfield.","Poems, rhymes, and sayings",,random,0
mdp.39015000595614,rev,known,1914,1882,m,us,20921,0.853326470776,"Oppenheim, James,","Songs, for the new age",PMV,reviewed,1
mdp.39015059548340,rev,known,1871,1837,m,uk,48622,0.995779573577,"Swinburne, Algernon Charles,",Songs before sunrise,FR,"Norton, in-set",1
uc1.$b439794,rev,known,1914,1886,f,us,7453,0.86003864626,"Kilmer, Joyce,",Trees,PMV,reviewed,1
loc.ark+=13960=t78s5649n,not,obscure,1866,1821,m,us,6699,0.202529782885,"Fulkerson, A.,",Miscellanies of Fulkerson,,random,0
hvd.32044020453569,not,obscure,1824,1781,m,us,10927,0.405762470796,"Pickering, Henry,",Athens,,random,0
loc.ark+=13960=t05x2xf3v,not,obscure,1886,1838,f,us,18736,0.0310904199741,"Greene, Aella,",The poetical works of Aella Greene,,random,0
loc.ark+=13960=t7kp8gj8r,rev,obscure,1893,1856,f,us,10042,0.611909137821,"Granniss, Anna J.","Skipped stitches, verses",ATL,reviewed,1
uc2.ark+=13960=fk57d2qj4c,rev,known,1910,1869,m,us,10290,0.877384433205,"Robinson, Edwin Arlington,",The town down the river,FR,"Norton, in-set",1
mdp.39015004731116,rev,known,1869,1812,m,uk,77598,0.83744158326,"Browning, Robert,",The ring and the book,FR,"Norton, in-set",1
loc.ark+=13960=t6m046h55,not,obscure,1867,0,,,1252,0.127602327248,"[Cameron, Hugh]",The troublesome trio,,random,0
loc.ark+=13960=t2s475v8n,not,obscure,1894,0,m,,11359,0.00321689326163,"Battersby, John H. [from old catalog]",Poems patriotic,,random,0
uc2.ark+=13960=t1td9vq8p,rev,known,1889,1812,m,uk,17477,0.845999652014,"Browning, Robert,",Asolando,BM,"Norton, in-set",1
mdp.39015000544554,not,known,1894,1859,m,uk,40997,0.585346234387,"Thompson, Francis,",Poems,,random,0
loc.ark+=13960=t6543bf6c,rev,known,1894,1862,m,us,11649,0.946097546662,"Rogers, Robert Cameron,",The wind in the clearing,ATL,reviewed,1
loc.ark+=13960=t3417h040,not,obscure,1853,1789,f,us,39374,0.443974813575,"Gould, Hannah F[lagg],","The mother's dream, and other poems",,random,0
uc2.ark+=13960=t0ht2j42v,rev,known,1914,1894,m,uk,4039,0.787142268617,"Rodker, John,",Poems,EGO,reviewed,1
loc.ark+=13960=t3805w074,rev,known,1880,0,f,,27179,0.612101708457,"Backus, Elizabeth Welch.",Three friends' fancies,ATL,reviewed,1
uc2.ark+=13960=t20c4zd4j,not,obscure,1837,0,m,uk,9166,0.0826543597644,"Manning, George Theodore.",Rural rhymes,,random,0
mdp.39015031228516,rev,known,1907,1871,m,uk,9761,0.578616564149,"Davies, W. H.",New poems,FR,reviewed,1
loc.ark+=13960=t1kh1gk7p,rev,known,1871,1817,m,us,22016,0.710073550998,"Channing, William Ellery,",The wanderer,ATL,reviewed,1
uc2.ark+=13960=t1hh6hq8n,not,obscure,1825,1799,m,uk,34237,0.286125553808,"Hervey, Thomas Kibble,",The poetical sketch-book,,random,0
uc2.ark+=13960=t88g8mb7n,not,obscure,1892,0,m,uk,8931,0.131556485224,"Daniel, H. C.",Love's minstrel,,random,0
loc.ark+=13960=t5q81tq24,not,obscure,1854,0,f,us,15851,0.344325942463,"Blake, Emma M.",Reliquae,,random,0
uc2.ark+=13960=t2z31pm6p,rev,known,1841,1791,f,us,51295,0.522422301017,"Sigourney, L. H.","Pocahontas, and other poems",GrM,reviewed,1
loc.ark+=13960=t0tq6gq3d,rev,known,1868,1824,f,us,35192,0.75632444943,"Larcom, Lucy,",Poems,ATL,reviewed,1
uc2.ark+=13960=t1xd0s923,rev,known,1854,1823,m,uk,34080,0.778724733378,"Patmore, Coventry Kersey Dighton,",The angel in the house,ER,reviewed,1
loc.ark+=13960=t1fj32s97,not,obscure,1859,1834,m,us,28674,0.0235249849859,"Carhart, John Wesley,",Sunny hours,,random,0
loc.ark+=13960=t3rv14c6x,not,obscure,1878,1837,m,us,20331,0.0953900803218,"Murphy, John Albert,",Cosmostoria,,random,0
uc2.ark+=13960=t56d5wq45,rev,known,1902,1866,f,uk,19873,0.770814827507,"MacManus, Anna,",The four winds of Eirinn,FR,reviewed,1
loc.ark+=13960=t63495d13,not,obscure,1892,1845,m,us,31686,0.147941485691,"Carleton, Will,",City festivals,,random,0
loc.ark+=13960=t8gf19n4c,not,obscure,1914,1880,m,us,10849,0.294212246032,"Stott, Roscoe Gilmore.",The man sings,,random,0
uc2.ark+=13960=t23b6296r,rev,known,1898,1866,f,uk,13580,0.954186975803,"Shorter, Dora Sigerson,",The fairy changeling and other poems,FR,reviewed,1
wu.89098012313,rev,obscure,1880,1826,f,us,15801,0.563207937155,"Bostwick, Helen Louise Barron,",Four-o'clocks,ATL,reviewed,1
uc1.b173242,rev,known,1825,1793,f,uk,35606,0.755774454593,"Hemans,",The forest sanctuary,ER,"Norton, in-set",1
njp.32101063702987,not,obscure,1881,1820,m,us,9700,0.0522726224075,"Randolph, Anson D. F.",Easter chimes,,random,0
mdp.39015025920235,rev,known,1823,1763,m,uk,45325,0.851150121861,"Rogers, Samuel,","Italy, a poem",QR,reviewed,1
uc1.b182952,rev,known,1838,1745,m,uk,52110,0.314734097719,"Morris, Charles,",Lyra urbanica;,BM,reviewed,1
uc2.ark+=13960=t2s46hv0j,rev,known,1850,1807,m,us,14171,0.834600589643,"Whittier, John Greenleaf,",Songs of labor,GrM,"Norton, in-set",1
loc.ark+=13960=t8cf9tk39,not,obscure,1880,1846,m,us,30452,0.004796173585,"Kyner, James Henry,","Odes, hymns and songs of the G. A. R",,random,0
nyp.33433076040298,rev,known,1869,1842,m,us,26698,0.949392717979,"Abbey, Henry,",Stories in verse,ATL,reviewed,1
uc2.ark+=13960=t42r3t80r,rev,known,1873,1830,m,uk,18253,0.649699504138,"Brown, T. E.",Betsy Lee,ATL,reviewed,1
uc2.ark+=13960=t1bk19943,not,obscure,1840,0,m,uk,31206,0.0662869369808,"Landreth, Peter.",The poet: The infidel,,random,0
loc.ark+=13960=t7vm4v20f,not,obscure,1887,1824,m,us,23610,0.0786781497793,"Williams, Dwight,","The beautiful city in song, and other poems",,random,0
nyp.33433066636329,rev,known,1914,1868,f,us,8939,0.572033525852,"Lee, Agnes,",The sharing,PMV,reviewed,1
mdp.39015063942752,not,obscure,1827,1799,m,uk,23469,0.119778238805,"Kennedy, William,",Fitful fancies,,random,0
uc1.b4100781,rev,known,1912,1869,m,us,15242,0.509199161819,"Sterling, George,",Beyond the breakers,PMV,reviewed,1
nyp.33433066569447,not,obscure,1913,1886,m,us,4644,0.318332191237,"Seitz, Howard Buckwalter,",Aeolic lyrics,,random,0
mdp.39015065549217,rev,known,1880,1850,m,uk,36227,0.943747982471,"Marston, Philip Bourke,",Wind-voices,FR,reviewed,1
mdp.39015008529144,not,obscure,1915,1887,m,uk,23770,0.707205344823,"Brooke, Rupert,",The collected poems of Rupert Brooke,,"Norton, in-set",0
uc2.ark+=13960=t6c24sg58,rev,known,1823,1779,m,uk,15889,0.558210284408,"Moore, Thomas,",The loves of the angels,ER,reviewed,1
mdp.39015048998879,not,obscure,1885,1851,f,us,74286,0.562400321194,"Hapgood, Isabel Florence,",The epic songs of Russia,,random,0
uc2.ark+=13960=t6639r26n,rev,known,1861,1814,m,uk,55290,0.83667833997,"De Vere, Aubrey,",The sisters,ATL,reviewed,1
uc1.b155433,rev,known,1886,1832,f,us,16100,0.822702226093,"Allen, Elizabeth Akers,",The silver bridge,ATL,reviewed,1
njp.32101068175072,rev,known,1871,1825,m,us,40019,0.583894740825,"Butler, William Allen,",Poems,ATL,reviewed,1
loc.ark+=13960=t5k93s659,rev,known,1894,1844,m,us,20789,0.899639187826,"Williams, Francis Howard,",The flute-player and other poems,ATL,reviewed,1
uc1.b3342492,rev,known,1913,1877,m,us,7771,0.926183945107,"Towne, Charles Hanson,",Beyond the stars and other poems,PMV,reviewed,1
loc.ark+=13960=t7pn9zm6f,not,obscure,1918,1893,m,us,7563,0.257315910249,"McClure, John Peebles,",Airs and ballads,,random,0
nyp.33433069343402,rev,known,1887,1841,m,us,12824,0.810551233136,"Sill, Edward Rowland,",Poems,ATL,reviewed,1
loc.ark+=13960=t41r7d74g,rev,known,1881,1848,m,uk,40511,0.970574272487,"Rossetti, Dante Gabriel,",Ballads and sonnets,MM,"Norton, in-set",1
uc1.b166039,rev,known,1880,1833,m,uk,13840,0.896470515057,"Morris, Lewis,",The ode of life,ATL,reviewed,1
uc2.ark+=13960=t8qc01599,rev,known,1911,1871,m,uk,9949,0.686956200479,"Davies, W. H.",Songs of joy and others,FR,reviewed,1
uc1.b3315106,rev,known,1860,1816,m,us,24231,0.51713673123,"Saxe, John Godfrey,",The money-king,ATL,reviewed,1
njp.32101068176328,rev,known,1868,1820,f,us,19728,0.909315164479,"Cary, Alice,",A lover's diary,ATL,reviewed,1
uc2.ark+=13960=t80k27j8j,rev,known,1917,1888,m,us,4392,0.850117779574,"Eliot, T. S.",Prufrock and other observations,EGO,"Norton, in-set",1
loc.ark+=13960=t8w95sb6z,rev,known,1843,1816,m,us,10827,0.758872480182,"Tyler, Robert,",Death,GrM,reviewed,1
uc1.b182492,not,obscure,1893,1822,m,us,15885,0.313600649816,"Hale, Edward Everett,",For fifty years;,,random,0
uc2.ark+=13960=t3dz0f69d,rev,known,1860,1807,m,us,27130,0.831123718818,"Whittier, John Greenleaf,",Home ballads and poems,ATL,"Norton, in-set",1
hvd.32044077933034,rev,known,1833,1793,m,uk,18243,0.363055716611,"Lyte, Henry Francis,",Poems,ER,reviewed,1
loc.ark+=13960=t40s0mt4z,rev,known,1914,1860,f,us,25210,0.822497000353,"Monroe, Harriet,",You and I,EGO,reviewed,1
loc.ark+=13960=t9572954w,rev,known,1887,1813,m,us,36569,0.86086941957,"Cranch, Christopher Pearse,",Ariel and Caliban,ATL,reviewed,1
loc.ark+=13960=t8df7d08p,rev,known,1893,1856,m,us,13366,0.57239693996,"Hayne, William Hamilton,",Sylvan lyrics and other verses,ATL,reviewed,1
uc2.ark+=13960=t40r9pj9p,not,obscure,1867,0,f,uk,65657,0.0109058692003,"Sawers, Eliza.",Under a cloud,,random,0
loc.ark+=13960=t19k4z26m,not,known,1860,1806,m,us,71374,0.539081997842,"Willis, Nathaniel Parker,","The poems, sacred, passionate, and humorous, of Nathaniel Parker WIllis",,random,0
nyp.33433075831325,not,obscure,1905,1860,m,us,7429,0.288610133416,"Grant, Percy Stickney,",Ad matrem,,random,0
uc1.32106001950101,rev,known,1870,1848,m,uk,43385,0.942987735304,"Rossetti, Dante Gabriel,",Poems,FR,"Norton, in-set",1
njp.32101026750396,rev,known,1830,1795,f,uk,48082,0.498948267854,"Northampton, Margaret Clephane Compton,",Irene,QR,reviewed,1
mdp.39015012978758,rev,known,1916,1888,m,us,27745,0.713425580216,"Seeger, Alan,",Poems,EGO,reviewed,1
uc1.b3332871,rev,known,1914,1862,m,us,23255,0.265796981834,"Bangs, John Kendrick,",The foothills of Parnassus,PMV,reviewed,1
uc1.b4382847,rev,known,1891,1856,f,us,11302,0.987856946448,"Reese, Lizette Woodworth,",A handful of lavender,ATL,reviewed,1
mdp.39015039355337,rev,known,1831,1803,m,uk,68708,0.520762706777,"Lytton, Edward Bulwer Lytton,",The Siamese twins,ER,reviewed,1
uc2.ark+=13960=t24b32t74,rev,known,1827,1799,m,uk,34335,0.934732636099,"Hood, Thomas,",The plea of the midsummer fairies,GrM,reviewed,1
mdp.39015013402501,addedbecausecanon,known,1918,1885,m,uk,15622,0.892702515199,"Lawrence, D. H.",Look! We Have Come Through,,"Norton, added",0
mdp.39015063753589,rev,known,1880,1832,m,uk,39898,0.920059595738,"Arnold, Edwin,",Poems,ATL,reviewed,1
loc.ark+=13960=t8ff4k852,not,obscure,1866,1830,m,us,6137,0.0520701835647,"Westlake, J. Willis",Success,,random,0
loc.ark+=13960=t18k7vr3q,rev,known,1887,1847,m,us,12638,0.366108330541,"Roche, James Jeffrey,",Songs and satires,ATL,reviewed,1
nyp.33433066601869,not,obscure,1911,1848,m,us,21244,0.253042322425,"Hough, Alfred J.",Egyptian melodies,,random,0
loc.ark+=13960=t1cj90444,not,obscure,1896,1817,f,us,42296,0.142915784926,"Ramsey, V. G.",A censer;,,random,0
uva.x000169685,rev,known,1874,1820,m,uk,8049,0.650769500551,"Rankine, William John Macquorn,",Songs and fables,BM,reviewed,1
loc.ark+=13960=t3xs6b07q,not,obscure,1894,1851,f,us,3774,0.00622038474941,"Choate, Clara Elizabeth. [from old catalog]",Songs of truth,,random,0
uc2.ark+=13960=t0ks6pb4z,not,obscure,1824,1799,m,uk,16767,0.0885749447796,"Deacon, William Frederick,",Warreniana,,random,0
njp.32101067628436,rev,known,1856,1813,m,uk,34606,0.397138401613,"Aytoun, William Edmondstoune,",Bothwell,WR,reviewed,1
loc.ark+=13960=t80k2xx3b,not,obscure,1870,0,m,us,39412,0.359075229822,"Henck, George Lewis. [from old catalog]",Poems,,random,0
uc2.ark+=13960=t26974b8z,rev,known,1894,1858,m,uk,8613,0.841164258012,"Watson, William,",Odes and other poems,FR,reviewed,1
hvd.32044058223066,rev,known,1833,1796,m,uk,27029,0.680266540421,"Coleridge, Hartley,",Poems,QR,reviewed,1
nyp.33433074844253,rev,obscure,1905,1876,f,uk,13496,0.820362432416,"Clifford, Ethel.",Love's journey,FR,reviewed,1
uc1.b4101575,rev,known,1915,1885,m,us,14720,0.495358160981,"Percy, William Alexander,",Sappho in Levkas,PMV,reviewed,1
nyp.33433075816078,not,obscure,1904,1872,m,us,4354,0.289246510356,"Ehrmann, Max,",Breaking home ties,,random,0
nyp.33433074835962,rev,obscure,1910,1851,f,us,17244,0.696446240745,"Van Rensselaer, Schuyler,",Poems,PMV,reviewed,1
uc1.b3340220,rev,known,1918,1879,f,uk,6552,0.865390338772,"Nightingale, M.",Verses wise and otherwise,EGO,reviewed,1
uc2.ark+=13960=t06w96n8w,rev,known,1871,1836,m,us,13548,0.890031997237,"Winter, William,",My witness,ATL,reviewed,1
uc1.b274713,rev,known,1874,1831,f,us,15809,0.966056899826,"Perry, Nora,",After the ball,ATL,reviewed,1
uc2.ark+=13960=t0wp9zm0t,rev,known,1848,1802,m,uk,96582,0.755960806087,"Aird, Thomas,",The poetical works of Thomas Aird,BM,reviewed,1
loc.ark+=13960=t9377zq1r,not,obscure,1856,0,m,us,28248,0.0298193943961,"Woodward, David.",Slavery;,,random,0
loc.ark+=13960=t77s88w2s,rev,known,1902,1857,f,us,6848,0.783269614382,"Wetherald, A. Ethelwyn.",Tangled in stars;,ATL,reviewed,1
uc2.ark+=13960=t7pn9f10q,rev,known,1874,1803,m,uk,42215,0.743890392787,"Lytton, Edward Robert Bulwer Lytton,",Fables in song,FR,reviewed,1
nyp.33433075807317,rev,known,1893,1869,m,us,14467,0.963820259833,"McCulloch, Hugh,",The quest of Heracles and other poems,ATL,reviewed,1
uc1.b4100799,rev,known,1915,1883,f,uk,5201,0.556882067799,"Wickham, Anna,",The contemplative quarry,EGO,reviewed,1
loc.ark+=13960=t3cz3sw3f,not,obscure,1852,1820,f,us,21988,0.17796033757,"Truesdell, Helen.",Poems,,random,0
uc1.b158363,rev,known,1824,1777,m,uk,15043,0.47942967615,"Campbell, Thomas,",Theodric,ER,reviewed,1
nyp.33433074801030,not,obscure,1914,1875,m,us,9923,0.310804481403,anonymous0,Songs of the underworld,,random,0
uva.x030758864,rev,known,1892,1858,m,us,15012,0.867511234944,"Lüders, Charles Henry,",The dead nymph,ATL,reviewed,1
uc2.ark+=13960=t3zs2qr30,rev,known,1905,1857,m,uk,35856,0.641049814199,"Davidson, John,",Selected poems,ATL,reviewed,1
uva.x030800890,rev,known,1843,1798,m,uk,20470,0.742922689382,"Moir, D. M.",Domestic verses,BM,reviewed,1
uc2.ark+=13960=t9862dr88,not,obscure,1910,1885,m,uk,5638,0.25591724045,"Campbell, Archibald Y.",Poems,,random,0
uc1.b4100590,rev,known,1918,1898,m,uk,6579,0.978831558901,"Waugh, Alec,",Resentment,EGO,reviewed,1
uc1.b274909,rev,known,1861,1821,f,uk,51722,0.862789023652,"Greenwell, Dora,",Poems,WR,reviewed,1
uc2.ark+=13960=t6057k293,not,obscure,1830,0,,uk,27261,0.248461251855,anonymous9,Sketches of bandit life;,,random,0
inu.32000000641847,rev,known,1880,1834,m,uk,29847,0.888100454412,"Thomson, James,",The city of dreadful night,FR,reviewed,1
nyp.33433076033103,not,obscure,1825,1794,f,us,41415,0.587297863028,"Brooks, Maria Gowen,",Zóphiël;,,random,0
uc2.ark+=13960=t52f7m21r,not,obscure,1913,1859,m,us,3946,0.00977409106981,"Fare, John Thomas,",In the wilderness,,random,0
uc2.ark+=13960=t8tb13h9k,not,obscure,1845,1779,f,uk,17520,0.105570610365,"Leckie, Horner, Mrs",[Mrs. Leckie's poems,,random,0
hvd.hnpeas,not,obscure,1833,1796,m,uk,22815,0.105087540182,"Markham, Alexander.",The avenged bride;,,random,0
uc2.ark+=13960=t5p84dd5d,rev,known,1845,1808,f,uk,33677,0.744348349237,"Norton, Caroline Sheridan,",The Child of the Islands,ER,reviewed,1
uc1.b155380,rev,known,1867,1834,m,us,23470,0.665813961234,"Arnold, George,",Poems grave and gay,WR,reviewed,1
nyp.33433075808877,not,obscure,1901,1862,m,us,18480,0.0421715185824,"McMahon, Patrick Maurice,",From fair Hawaiiland;,,random,0
loc.ark+=13960=t10p1hx6j,rev,known,1916,1878,m,us,5755,0.862499920634,"Arensberg, Walter,",Idols,PMV,reviewed,1
njp.32101067628659,rev,known,1893,1860,m,uk,4361,0.949624995659,"Barlas, John Evelyn,",Selections from Songs of a bayadere and Songs of a troubadour,YB,reviewed,1
nyp.33433074907142,rev,known,1847,1799,f,uk,52680,0.686538417035,"Howitt, Mary Botham,",Ballads and other poems,WR,reviewed,1
njp.32101068972833,not,obscure,1831,0,m,uk,66128,0.302072854396,"Law, James Sylvius.","The wrongs of Ireland historically reviewed, from the invasion to the present time",,random,0
uc1.b255800,not,obscure,1877,0,f,uk,21351,0.422696576452,"Budge, Jane,",Poems.,,random,0
njp.32101067646750,rev,known,1864,1835,f,us,16221,0.184107373734,"Hooper, Lucy Hamilton,",Poems;,ATL,reviewed,1
wu.89099921512,not,obscure,1860,1795,m,us,19908,0.0720343893664,"Drake, Joseph Rodman,",The croakers,,random,0
dul1.ark+=13960=t5fb5xg2z,rev,known,1855,1822,m,uk,27506,0.848027369954,"Arnold, Matthew,",Poems,ER,"Norton, in-set",1
loc.ark+=13960=t3rv11c37,not,obscure,1889,1849,f,uk,5670,0.250796846816,"Culler, Lucy Yeend.",Violet,,random,0
uc2.ark+=13960=t5w66g74f,rev,known,1873,1849,m,uk,25056,0.963388689159,"Gosse, Edmund,",On viol and flute,ATL,reviewed,1
nyp.33433076020795,not,obscure,1867,0,,,53986,0.206355203133,"Wentworth, May.",Poetry of the Pacific,,random,0
uc2.ark+=13960=t27945p5k,rev,known,1901,1849,m,uk,12371,0.972043933098,"Henley, William Ernest,","Hawthorn and lavender, with other verses",ATL,"Norton, in-set",1
uc2.ark+=13960=t35140902,not,obscure,1863,0,m,uk,15434,0.198121864716,"Vaughan, Thomas,","Morah; or, The Indian wife;",,random,0
loc.ark+=13960=t6pz5q631,not,obscure,1845,0,f,us,18091,0.057486244986,"De Windt, Caroline Amelia Smith.",Melzinga,,random,0
uc2.ark+=13960=t71v5dh7m,not,obscure,1896,1860,m,au,10742,0.109348831958,"Main, William.",Bush solitudes and other verses,,random,0
njp.32101066456896,rev,known,1856,1801,f,uk,30583,0.876501879051,"Clive, Caroline,",Poems,ER,reviewed,1
loc.ark+=13960=t57d3p237,not,obscure,1893,1828,f,us,31649,0.0506292063832,"Roberts, Betsey Ann Smith.",Original poems,,random,0
uc2.ark+=13960=t7br8q34d,not,obscure,1872,1818,m,uk,35669,0.217160187054,"Forsyth, William,",Idylls and lyrics,,random,0
mdp.39015059422017,not,obscure,1894,1839,m,uk,24339,0.423074271703,"Japp, Alexander H.",Dramatic pictures,,random,0
mdp.39015022679362,rev,known,1828,1793,f,uk,42321,0.776486841198,"Hemans,",Records of woman,ER,"Norton, in-set",1
uc2.ark+=13960=t3tt4g15h,rev,known,1886,1844,m,uk,17744,0.591207428003,"O'Reilly, John Boyle,",In Bohemia,ATL,reviewed,1
loc.ark+=13960=t6pz5tc3h,rev,known,1894,1862,m,us,15718,0.632679117715,"Parker, Gilbert,",A lover's diary,ATL,reviewed,1
uc2.ark+=13960=t7sn0664h,rev,known,1896,1818,f,uk,90782,0.647271157306,"Alexander, Cecil Frances,",Poems,BM,reviewed,1
nyp.33433075790992,not,obscure,1901,1863,m,us,5400,0.0139212675294,"Fitzpatrick, Ernest Hugh.",The passing of William McKinley,,random,0
uc2.ark+=13960=t06w98f3m,not,obscure,1870,0,,,18682,0.0224273421109,"Lochore, G.",Poetical recreation,,random,0
uc1.b4104953,rev,known,1832,1794,m,us,46181,0.826365108222,"Bryant, William Cullen,",Poems,GrM,"Norton, in-set",1
nyp.33433045638883,not,obscure,1905,1838,m,us,31029,0.360229446866,"Hay, John,",The complete poetical works of John Hay,,random,0
mdp.39015063919453,not,obscure,1914,1862,m,uk,30968,0.656454980273,"Gale, Norman,",Collected poems,,random,0
loc.ark+=13960=t7dr3b23n,not,obscure,1871,1835,m,us,12755,0.13636157284,"Le Cato, N. J. W.",Theodora and other poems,,random,0
uc1.b167484,rev,known,1894,1857,m,uk,14487,0.683441209554,"Davidson, John,",Ballads & songs,FR,reviewed,1
loc.ark+=13960=t84j0zq4p,not,obscure,1855,1809,m,us,8858,0.325517158872,"Clark, George Hunt,",Now and then,,random,0
mdp.39015014601184,not,obscure,1862,0,m,us,31779,0.193478175791,"Heywood, J. C.",Herodias,,random,0
uc2.ark+=13960=t8x924t2m,not,obscure,1872,0,,,20344,0.0832430694801,"Harvey, Ellen T. H.",Wilderness and Mount,,random,0
uc2.ark+=13960=t04x56b63,rev,known,1903,1865,f,uk,24057,0.853640918837,"Hope, Laurence,",Stars of the desert,FR,reviewed,1
mdp.39015003700393,rev,known,1893,1860,m,us,19661,0.741044889786,"Garland, Hamlin,",Prairie songs: being chants rhymed and unrhymed of the level lands of the great West,ATL,reviewed,1
uc2.ark+=13960=t3fx7491s,not,obscure,1881,0,m,,23945,0.058382794235,"Knowles, William,",Poems,,random,0
uc1.b2834136,not,obscure,1892,1846,f,uk,33043,0.261477573259,"Kinloch, Marjory G. J.",A song-book of the soul,,random,0
uc2.ark+=13960=t6pz52584,rev,known,1880,1809,m,us,13177,0.753890327018,"Holmes, Oliver Wendell,",The iron gate,ATL,"Norton, in-set",1
hvd.hnmy3p,not,obscure,1835,0,m,uk,4394,0.0295508298938,"Copleston, John Gay.",Lynmouth;,,random,0
nyp.33433074874540,rev,known,1898,1859,m,uk,19544,0.792316299843,"Rhys, Ernest,",Welsh ballads,FR,reviewed,1
mdp.39015063940111,rev,known,1894,1845,m,uk,14571,0.613480845849,"Lee-Hamilton, Eugene.",Sonnets of the wingless hours,ATL,reviewed,1
uc2.ark+=13960=t3hx15z6g,not,obscure,1869,1824,m,us,10819,0.599296886459,"Watson, J. W.",Beautiful snow,,random,0
loc.ark+=13960=t01z4v628,not,obscure,1916,0,m,,12126,0.227745230172,"Havener, William Alexander.",Evening pastimes,,random,0
njp.32101066457365,not,obscure,1860,1827,m,uk,25538,0.438456783174,"Collins, Mortimer,",Summer songs,,random,0
uc2.ark+=13960=t5q81605q,not,obscure,1914,1875,f,us,10783,0.444555254099,"Morgan, Angela.",The hour has struck;,,random,0
uc2.ark+=13960=t94748994,not,obscure,1917,1888,m,us,18319,0.671256501828,"Wood, Clement,",Glad of earth,,random,0
uc2.ark+=13960=t76t0hr98,rev,known,1869,1833,m,us,24246,0.833072505355,"Stedman, Edmund Clarence,",The blameless prince,ATL,reviewed,1
uc2.ark+=13960=t2k64cd80,rev,known,1834,1781,m,uk,59190,0.465352030718,"Elliott, Ebenezer,",[Elliott's poems],ER,reviewed,1
nyp.33433074899968,not,obscure,1852,1793,f,uk,20528,0.270811933085,"MacLean, Anna Jane.",Eman More,,random,0
uc2.ark+=13960=t90865x9t,rev,obscure,1913,1877,m,uk,46670,0.779945613315,"Helston, John.",Aphrodite,PMV,reviewed,1
loc.ark+=13960=t7wm1rg17,not,obscure,1907,0,f,us,15900,0.515446656702,"Johnson, Felicia Ross. [from old catalog]",Seamstress and poet,,random,0
njp.32101067706885,not,obscure,1845,1825,f,uk,12725,0.192600180712,"Bingham, Frances Lydia.","Hubert; or, The orphans of St. Madelaine",,random,0
mdp.39015063980414,not,obscure,1866,1798,m,uk,39549,0.662424560975,"Henry, James,",Poematia,,random,0
uc1.b119720,not,obscure,1875,1829,m,uk,28388,0.274187408282,"Veitch, John,","The Tweed, and Other Poems",,random,0
njp.32101013202740,rev,known,1890,1865,m,uk,32108,0.698750031371,"Kipling, Rudyard,",Barrack-room ballads,FR,"Norton, in-set",1
loc.ark+=13960=t1qf9763h,rev,known,1842,1807,m,us,12739,0.577369129826,"Longfellow, Henry Wadsworth,",Ballads and other poems,GrM,reviewed,1
nnc1.cu54856230,not,obscure,1912,1836,m,us,18723,0.185779411523,"Gladden, Washington,","Ultima veritas, and other verses",,random,0
loc.ark+=13960=t0zp4md92,not,obscure,1863,1818,m,us,31705,0.255175694115,"Peterson, Henry,",Poems,,random,0
nyp.33433074890983,rev,known,1912,1878,m,uk,33874,0.903512076388,"Masefield, John,",The story of a round-house,PMV,reviewed,1
nyp.33433076030117,not,obscure,1833,1808,m,us,8902,0.633679668281,"Clark, Willis Gaylord,",The spirit of life;,,random,0
loc.ark+=13960=t1jh41981,not,obscure,1853,0,m,us,3449,0.302458058894,"Buchanan, William B.","Baltimore, or, Long, long time ago",,random,0
uc1.b167406,rev,known,1891,1865,m,us,23528,0.944940796325,"Cawein, Madison Julius,",Days and dreams,ATL,reviewed,1
njp.32101066109255,not,obscure,1894,1861,m,us,9647,0.195184423914,"Partridge, William Ordway,",Song-life of a sculptor,,random,0
mdp.39015051363565,rev,known,1869,1812,m,uk,86893,0.917348645366,"Browning, Robert,",The ring and the book,FR,"Norton, in-set",1
uc2.ark+=13960=t3pv6fg49,not,obscure,1820,1761,m,us,23086,0.0337987054612,"Johnstone, John,",Poems on various subjects;,,random,0
njp.32101066458066,not,obscure,1845,1805,m,uk,82764,0.471338262105,"Cooper, Thomas,",The purgatory of suicides,,random,0
nyp.33433075741672,not,obscure,1905,1841,f,us,10336,0.0741879426216,"Thomas, Cynthia D. Harvey,",Light in the cloud,,random,0
nyp.33433074961453,not,obscure,1914,0,,,9177,0.187400230966,"Tolman, Emily.",To a summer cloud,,random,0
mdp.39015063937810,not,obscure,1871,1851,m,uk,32972,0.232143372011,"Mackay, Eric,",Love letters of a violinist,,random,0
uc2.ark+=13960=t0dv1jg7s,rev,known,1871,1833,m,uk,38183,0.788741519077,"Morris, Lewis,",Songs of two worlds,FR,reviewed,1
loc.ark+=13960=t0ms46c3p,not,obscure,1914,1876,m,us,9739,0.104347039303,"Maxwell, George Madison,","Bare-foot days, and other poems",,random,0
loc.ark+=13960=t3029c41j,rev,known,1914,1873,m,us,15962,0.89076480495,"Clarke, George Herbert,",At the shrine,PMV,reviewed,1
mdp.39015023542395,rev,known,1840,1762,f,uk,54405,0.659827770403,"Baillie, Joanna,",Fugitive verses,QR,"Norton, in-set",1
uc2.ark+=13960=t00z73601,rev,known,1816,1793,f,uk,2540,0.948290543888,"Hemans,",The restoration of the works of art to Italy,QR,"Norton, in-set",1
uc1.$b389270,not,obscure,1864,1835,m,uk,18634,0.802837400448,"Warren, John Byrne Leicester,","Eclogues and monodramas; or, A collection of verses",,random,0
uc2.ark+=13960=t0ft8gj1k,rev,known,1918,1889,m,uk,14806,0.816645563445,"Faber, Geoffrey,",In the valley of vision,EGO,reviewed,1
nyp.33433075789499,rev,known,1913,1878,f,us,38862,0.882260232678,"Evans, Florence Wilkinson.",The ride home;,PMV,reviewed,1
uc2.ark+=13960=t48p67m2g,rev,known,1877,1823,m,uk,23133,0.584118450235,"Patmore, Coventry Kersey Dighton,",The unknown Eros,FR,reviewed,1
loc.ark+=13960=t4hm64973,not,obscure,1846,0,m,us,15311,0.0841054253282,"Plumer, Wm.",Lyrica sacra,,random,0
uc1.b3579606,rev,known,1901,1844,m,us,6923,0.606202077705,"Gilder, Richard Watson,",Poems and inscriptions,ATL,reviewed,1
nyp.33433074874185,rev,known,1839,1806,m,uk,31042,0.839578974862,"Sterling, John,",Poems,QR,reviewed,1
loc.ark+=13960=t77s8814j,not,obscure,1850,0,m,,21014,0.161946069361,"Parker, Henry W.",Poems,,random,0
loc.ark+=13960=t20c5r23g,not,obscure,1868,1811,m,us,8515,0.601308534566,"Palmer, James Croxall,",Antarctic mariner's song,,random,0
uc2.ark+=13960=t8bg2n21x,rev,known,1889,1861,f,uk,7864,0.846952977858,"Levy, Amy,",A London plane-tree,BM,reviewed,1
nyp.33433066636204,rev,known,1871,1837,m,us,48448,0.811608252656,"Miller, Joaquin,",Songs of the Sierras,BM,reviewed,1
loc.ark+=13960=t6737bz3f,not,obscure,1872,1817,f,us,32020,0.115950565514,"Ramsey, V. G.",A legend of the White Hills,,random,0
mdp.39015063880127,rev,known,1859,1830,m,us,32320,0.542131463399,"Hayne, Paul Hamilton,",Avolio;,ATL,reviewed,1
wu.89098029051,not,obscure,1886,1839,f,us,24996,0.0977201180127,"Henry, S. M. I.",The marble cross,,random,0
uc2.ark+=13960=t3707xn1m,rev,known,1902,1873,m,us,11100,0.792261541089,"Carryl, Guy Wetmore,",Grimm tales made gay,ATL,reviewed,1
njp.32101067487577,rev,known,1892,1865,m,uk,31241,0.838674525783,"Yeats, W. B.",Wanderings of Oisin,FR,"Norton, in-set",1
uc2.ark+=13960=t2h70bw5m,not,obscure,1851,1813,m,us,25699,0.252509104238,"Tuckerman, Henry T.",Poems,,random,0
loc.ark+=13960=t04x5sr13,rev,known,1912,1893,m,us,15011,0.954286862646,"Smith, Clark Ashton,",The star-treader,PMV,reviewed,1
uc1.b167385,rev,known,1896,1871,f,uk,21956,0.977855548406,"Chesson, Nora,",Under quicken boughs,FR,reviewed,1
mdp.39015048398518,rev,known,1868,1801,m,uk,39897,0.362925086645,"Newman, John Henry,",Verses on various occasions,BM,"Norton, in-set",1
uc2.ark+=13960=t6qz27440,rev,obscure,1866,0,,,27889,0.308493824542,"Butchers, S. M.",A waif on the stream,WR,reviewed,1
nnc1.1002356465,not,obscure,1828,1790,m,uk,18576,0.20050264421,"Vedder, David,","The Covenanters' communion, and other poems",,random,0
loc.ark+=13960=t1kh1508t,not,obscure,1864,1790,m,us,3288,0.516247973532,"Halleck, Fitz-Greene,",Young America,,random,0
uc1.b4100432,not,obscure,1907,1864,m,us,31249,0.551365645879,"Eilshemius, Louis M.",All about girls,,random,0
uc2.ark+=13960=t3kw59z20,rev,known,1902,1865,m,us,11385,0.942051945484,"Cawein, Madison Julius,",A voice on the wind,ATL,reviewed,1
uc2.ark+=13960=t5p848b89,not,obscure,1914,1828,m,uk,7897,0.231298760088,"Bonus, John,",Thoughts in verse for my friends,,random,0
uc1.b166111,rev,obscure,1866,0,,,56808,0.436254534318,"Coloney, Myron.",Manomin,ATL,reviewed,1
loc.ark+=13960=t0ft95k82,not,obscure,1855,0,m,us,18842,0.351401437933,"Stillman, George A.",Life-real,,random,0
nyp.33433066651120,not,obscure,1912,1871,m,us,13492,0.300761242051,"Lindsey, Frederick Brooks.",The spirit Prospero,,random,0
nyp.33433074800222,not,obscure,1858,0,m,us,24463,0.123193029476,"Willie,",College poems,,random,0
uc2.ark+=13960=t7jq10136,rev,known,1831,1774,m,uk,32273,0.484266230175,"Jones, John,",Attempts in verse,ER,reviewed,1
loc.ark+=13960=t72v3f90h,not,obscure,1859,0,m,us,3758,0.43439406892,"Russel, Charles Porter,",In tenebris,,random,0
loc.ark+=13960=t3st8fg8k,rev,known,1912,1878,f,us,10245,0.721910569444,"Burr, Amelia Josephine,",The roadside fire,PMV,reviewed,1
loc.ark+=13960=t95720v25,rev,known,1872,1835,f,us,10010,0.946032975739,"Thaxter, Celia,",Poems,ATL,reviewed,1
loc.ark+=13960=t4dn4q68x,not,obscure,1883,1836,m,us,14252,0.150140409589,"Hill, Theophilus H.","Passion flower, and other poems",,random,0
uc1.b4107944,rev,known,1896,1830,f,uk,57084,0.839961264523,"Rossetti, Christina Georgina,",New poems by Christina Rossetti,BM,"Norton, in-set",1
nyp.33433066569025,not,obscure,1914,1864,m,us,4724,0.432844458989,"Scofield, William Bacon.",Verses,,random,0
njp.32101051389870,not,obscure,1887,0,m,,21698,0.134768847589,"Harrison, Harry.",Poems,,random,0
loc.ark+=13960=t55d9m11n,not,obscure,1881,1821,m,us,15434,0.0599137891294,"Eckerson, Theodore John.",When my ship comes in,,random,0
mdp.39015019808495,rev,known,1862,1828,m,uk,12224,0.787487412949,"Meredith, George,",Modern Love,WR,"Norton, in-set",1
njp.32101032484253,not,obscure,1865,1844,m,us,4322,0.125726418576,"Birdseye, George W.,",Woman and the war,,random,0
uc1.b3312256,not,obscure,1902,1842,m,uk,108765,0.858702813496,"Payne, John,",The poetical works of John Payne,,random,0
nyp.33433082501119,not,obscure,1902,0,,,13723,0.283198831774,"Molina, Julia Wolff.","Mingled sweets and bitters; or, My legacy",,random,0
loc.ark+=13960=t6k07vz1r,not,obscure,1890,0,m,us,906,0.0158517943381,"Stone, Jasper Jay. [from old catalog]",The veteran's qualifications for civil service,,random,0
uc2.ark+=13960=t4bp02m37,rev,known,1865,1841,m,uk,39813,0.933211296638,"Buchanan, Robert Williams,",Idyls and legends of Inverburn,FR,reviewed,1
loc.ark+=13960=t24b3p10w,not,obscure,1842,0,m,us,23323,0.0715439872781,"Smith, Benjamin","Poems, moral and religious",,random,0
njp.32101068177599,not,obscure,1878,0,,,10810,0.0966571695173,"Edwards, Alfred.",Incidents in the career of Coeur de Lion,,random,0
nyp.33433076034895,not,obscure,1831,1796,m,us,19512,0.388753264641,"Hill, George,",The ruins of Athens,,random,0
hvd.hwh1bt,not,obscure,1841,1776,m,uk,198517,0.264463318344,"Fitchett, John,",King Alfred,,random,0
uc2.ark+=13960=t7gq6x66b,rev,known,1875,1837,m,uk,13179,0.990086363768,"Swinburne, Algernon Charles,",Songs of two nations,FR,"Norton, in-set",1
loc.ark+=13960=t52f8bw22,rev,known,1825,1774,m,uk,20450,0.508389729139,"Southey, Robert,",A tale of Paraguay,QR,reviewed,1
uc2.ark+=13960=t6g160f1q,not,obscure,1881,1806,m,uk,54982,0.0389509880584,"Thomson, David,",Musings among the heather,,random,0
loc.ark+=13960=t1fj2t30n,not,obscure,1892,0,,,4115,0.703536706471,"Rowley, A. A. [from old catalog]",Kansas campaign songs,,random,0
uc1.b260737,rev,known,1870,1840,m,us,18958,0.963863966029,"Weeks, Robert Kelley,",Episodes and lyric pieces,ATL,reviewed,1
nyp.33433066638408,rev,known,1880,1807,m,us,4107,0.820062947165,"Longfellow, Henry Wadsworth,",Ultima Thule,ATL,"Norton, in-set",1
njp.32101066457894,not,obscure,1871,1834,f,us,29268,0.0977794240254,"Cooke, Belle W.",Tears and victory,,random,0
uc2.ark+=13960=t4gm86m20,rev,known,1859,1814,m,uk,26310,0.730985599893,"Hedderwick, James,",Lays of Middle Age,WR,reviewed,1
uc1.b3576647,rev,known,1897,1865,m,uk,10064,0.981314880873,"Symons, Arthur,",Amoris victima,SAV,reviewed,1
loc.ark+=13960=t3qv42x82,rev,known,1860,1824,m,uk,143781,0.874591228615,"Dobell, Sydney,",Poems,ATL,reviewed,1
loc.ark+=13960=t8jd5j56r,not,obscure,1916,1871,m,us,20258,0.201017131488,"Keeler, Charles Augustus,",The victory: poems of triumph,,random,0
loc.ark+=13960=t20c5hr60,not,obscure,1858,1800,m,us,66811,0.0596558693266,"Cotton, Alfred Jackson,",Cotton's keepsake,,random,0
nyp.33433074843933,not,obscure,1846,1780,m,uk,36508,0.508879644404,"Croly, George,",The modern Orlando: a poem,,random,0
uc2.ark+=13960=t0zp3xm93,rev,known,1894,1845,m,us,11267,0.914528271171,"Tabb, John B.",Poems,ATL,reviewed,1
loc.ark+=13960=t5k93n92j,not,obscure,1884,1831,m,us,5017,0.650292935797,"Baxter, James Phinney,",Idyls of the year,,random,0
uc2.ark+=13960=t14m95k32,not,obscure,1875,1853,m,uk,33308,0.680034845306,"Waller, Bryan Charles.",The twilight land,,random,0
loc.ark+=13960=t5cc1sf60,not,obscure,1840,0,m,us,4669,0.116320420171,"Page, Theophilus. [from old catalog]",Heavenly musing;,,random,0
njp.32101040128652,rev,known,1835,1801,m,uk,8427,0.505580725165,"Moxon, Edward,",Sonnets,QR,reviewed,1
uc2.ark+=13960=t9v12890g,rev,known,1857,1821,m,uk,14764,0.630395601294,"Locker-Lampson, Frederick,",London lyrics,ATL,reviewed,1
uc2.ark+=13960=t07w68f3s,rev,known,1875,1851,m,us,15516,0.867384615727,"Lathrop, George Parsons,",Rose and roof-tree,ATL,reviewed,1
uc2.ark+=13960=t1mg7j44g,rev,known,1890,1844,m,uk,15455,0.717934085588,"Bridges, Robert,",The shorter poems of Robert Bridges,FR,reviewed,1
uc2.ark+=13960=t3fx7436h,rev,known,1849,1809,m,uk,26573,0.907789639488,"Tennyson, Alfred Tennyson,",In memoriam,ER,"Norton, in-set",1
nyp.33433075824668,not,obscure,1853,0,m,us,18777,0.126789694626,"Hagen, John Cole.","Foot-prints of truth; or, Voice of humanity",,random,0
uc2.ark+=13960=t8gf0nw9p,rev,obscure,1871,1837,m,uk,61986,0.41537078899,"McHenry, George.",Time and eternity,ATL,reviewed,1
uc2.ark+=13960=t17m08m38,not,obscure,1840,1809,m,uk,8990,0.504042104462,"Hanmer, John Hanmer,",Sonnets,,random,0
mdp.39015071556941,not,obscure,1877,0,f,us,9919,0.0221675597806,"King, Delia Chase",The tidal wave,,random,0
uc2.ark+=13960=t9m32rn84,not,obscure,1872,0,,,15058,0.173176657301,"Pocock, I. J. Innes.",Franklin and other poems,,random,0
nyp.33433082169420,rev,known,1881,1824,f,us,37735,0.836323438592,"Larcom, Lucy,",Wild roses of Cape Ann,ATL,reviewed,1
nyp.33433076030273,rev,known,1842,1818,m,us,74981,0.748616877523,"Colton, George H.",Tecumseh;,GrM,reviewed,1
uc2.ark+=13960=t9w08xj0q,rev,known,1884,1861,f,us,10314,0.830177147456,"Guiney, Louise Imogen,",Songs at the start,ATL,reviewed,1
loc.ark+=13960=t9572953d,not,obscure,1874,0,,,9049,0.303690747272,"Glover, H. C.",Rights and wrongs of woman,,random,0
uc2.ark+=13960=t16m3685r,not,obscure,1820,1791,m,uk,24679,0.328425372345,"Milman, Henry Hart,",The fall of Jerusalem,,random,0
uc1.b274870,rev,known,1829,1808,f,us,25036,0.175189517645,"Davidson, Lucretia Maria,","Amir Khan, and other poems",QR,reviewed,1
njp.32101067632792,not,obscure,1860,1835,m,us,20473,0.271815284178,"Donaldson, Samuel J.,",Lyrics,,random,0
nyp.33433066626916,rev,known,1883,1834,m,us,25207,0.891710492442,"Nichols, Starr Hoyt,",Monte Rosa,ATL,reviewed,1
loc.ark+=13960=t5r78vg3h,rev,obscure,1881,1850,f,us,14744,0.898512935343,"Innsly, Owen,",Love poems and sonnets,ATL,reviewed,1
loc.ark+=13960=t6tx46241,rev,known,1872,1826,f,us,16442,0.546649936778,"Turner, Eliza (Sproat)",Out-of-door rhymes,ATL,reviewed,1
dul1.ark+=13960=t75t4h116,rev,known,1867,1822,m,uk,30155,0.854944581405,"Arnold, Matthew,",New poems,FR,"Norton, in-set",1
loc.ark+=13960=t77s85d09,not,obscure,1901,1855,m,us,10155,0.330907002818,"Dunham, Sam C.",The goldsmith of Nome,,random,0
nyp.33433076031859,not,obscure,1897,1849,m,us,19147,0.308985768255,"Riley, James Whitcomb,",The poems and prose sketches of James Whitcomb Riley,,random,0
uc2.ark+=13960=t23b5z68r,not,obscure,1914,0,,,17677,0.470707605582,"Burton, H. Bindon.","Eölsyné, and other poems",,random,0
uc1.b165755,not,obscure,1881,1863,f,us,22328,0.791307610515,"Eastman, Elaine Goodale,",All round the year,,random,0
uc1.b3335683,rev,known,1912,1878,m,uk,8301,0.934858099135,"Gibson, Wilfrid Wilson,",Fires,FR,reviewed,1
uc2.ark+=13960=t1hh6d09g,rev,known,1892,1853,m,us,10902,0.849696965804,"Johnson, Robert Underwood,","The winter hour, and other poems",ATL,reviewed,1
wu.89083865741,rev,known,1904,1852,m,us,12206,0.778719603501,"Van Dyke, Henry,","Music, and other poems",ATL,reviewed,1
uc2.ark+=13960=t4nk3bw6g,rev,known,1869,1807,m,uk,58547,0.487099211152,"Michell, Nicholas,",Sibyl of Cornwall,ATL,reviewed,1
loc.ark+=13960=t5r78t92c,not,obscure,1862,0,m,us,5277,0.0171664466284,"Elder, William. [from old catalog]",Leisure moments;,,random,0
uc2.ark+=13960=t1bk1c13v,not,obscure,1875,1841,m,uk,20707,0.711918274951,"Rhoades, James,",Timoleon;,,random,0
nyp.33433075971196,not,obscure,1846,1811,f,us,78643,0.29373162227,"Osgood, Frances Sargent Locke,",Poems,,random,0
uc2.ark+=13960=t7fq9w84p,not,obscure,1893,1811,m,uk,21964,0.505059687601,"Scott, William Bell,",A poet's harvest home,,random,0
loc.ark+=13960=t9184308z,not,obscure,1866,0,m,us,30945,0.0322195161598,"Hodson, Joseph.",Miscellaneous poems,,random,0
wu.89094594595,not,obscure,1891,0,f,fr,20649,0.806425420036,"Văcărescu, Elena,",The bard of the Dimbovitza,,random,0
mdp.39015030719945,rev,known,1912,1884,f,us,19181,0.968901087258,"Widdemer, Margaret.","Factories, poems",PMV,reviewed,1
loc.ark+=13960=t47p9ff2j,not,obscure,1901,1836,m,us,15120,0.293164657129,"Blood, Henry Ames,",Selected poems of Henry Ames Blood,,random,0
nyp.33433075805881,not,obscure,1824,1799,m,us,38060,0.157942910488,"Doane, George Washington,",Songs by the way;,,random,0
nyp.33433074866819,not,obscure,1869,1825,m,uk,94527,0.498518236917,"Bickersteth, Edward Henry,","Yesterday, to-day, and for ever",,random,0
uc1.b3576529,rev,known,1847,1811,m,us,75266,0.829727722762,"Street, Alfred Billings,",The Poems of Alfred B. Street,WR,reviewed,1
hvd.hxdflv,not,obscure,1840,1803,m,us,53687,0.126735305392,"Brown, J. Newton",Emily,,random,0
nyp.33433074858238,rev,known,1851,1806,f,uk,48423,0.922280339023,"Browning, Elizabeth Barrett,","Prometheus bound, and other poems;",QR,"Norton, in-set",1
loc.ark+=13960=t23b6hk19,not,obscure,1910,0,,,13430,0.2487952142,"Farnsworth, Edward Clarence.",Saint Helena,,random,0
nyp.33433074903737,not,obscure,1892,1839,m,au,29892,0.0458711698214,"Yarrington, W. H. H.",Australian verses,,random,0
nyp.33433084126113,not,obscure,1848,1809,m,us,18867,0.4536691047,"Dow, Jesse Erskine,",The American seasons,,random,0
uc1.b166346,not,obscure,1837,1752,m,uk,39479,0.087670390339,"Llwyd, Richard,","The poetical works of Richard Llwyd, the Bard of Snowdon",,random,0
nyp.33433066626502,not,obscure,1881,1841,f,us,23422,0.204809540896,"Oberholtzer, Sara Louisa,",Come for Arbutus,,random,0
loc.ark+=13960=t4zg76m6h,rev,known,1901,1869,m,us,17507,0.756015257851,"Moody, William Vaughn,",Poems,ATL,reviewed,1
uc2.ark+=13960=t92807683,rev,known,1913,1886,m,us,25346,0.760068365099,"Wheelock, John Hall,",Love and liberation;,PMV,reviewed,1
uc2.ark+=13960=t3ws8kz7m,rev,known,1898,1859,f,uk,8260,0.912481968882,"Tynan, Katharine,",The wind in the trees;,FR,reviewed,1
njp.32101068138765,rev,known,1844,1806,f,uk,37594,0.848634701907,"Browning, Elizabeth Barrett,",A drama of exile,WR,"Norton, in-set",1
hvd.hwpnml,rev,known,1828,1788,m,uk,52274,0.905741831565,"Atherstone, Edwin,",The fall of Nineveh;,ER,reviewed,1
uc2.ark+=13960=t1ng4vw28,rev,known,1866,1825,m,uk,74785,0.479994086611,"Stigand, William,",Anthea,WR,reviewed,1
mdp.39015013157980,rev,known,1871,1836,f,us,18261,0.839475472441,"[Piatt, Sarah M. B.",A woman's poems,ATL,reviewed,1
njp.32101068972841,not,obscure,1863,0,f,uk,17313,0.642049055664,"Law, Isabella.",Winter weavings,,random,0
uc1.b798791,rev,known,1879,1838,m,us,57351,0.263275965359,"Ryan, Abram Joseph,",Father Ryan's poems,ATL,reviewed,1
uc2.ark+=13960=t0bv7gp3c,not,obscure,1874,0,,,28772,0.171638740777,anonymous4,Lays of the Belvoir Hunt,,random,0
loc.ark+=13960=t3vt2bg76,not,obscure,1882,1814,f,uk,1390,0.0210989331999,"[Valentine, Laura Jewry,",The tempest,,random,0
uc2.ark+=13960=t5h99f43z,rev,known,1834,1781,m,uk,28928,0.659401336665,"Elliott, Ebenezer,",[Elliott's poems],ER,reviewed,1
loc.ark+=13960=t5n881k59,rev,known,1878,1847,m,us,35511,0.934889859384,"Fawcett, Edgar,",Fantasy and passion,ATL,reviewed,1
loc.ark+=13960=t0qr59x0m,rev,obscure,1871,1847,m,us,28467,0.396474970718,"Fuller, Edwin W.",The angel in the cloud,ATL,reviewed,1
njp.32101073982710,rev,known,1853,1806,f,uk,78657,0.832264660502,"Browning, Elizabeth Barrett,",Poems,WR,"Norton, in-set",1
nyp.33433075741730,rev,known,1867,1825,m,us,32286,0.87587517465,"Taylor, Bayard,",The picture of St. John,FR,reviewed,1
nyp.33433075835557,not,obscure,1864,1829,m,us,100010,0.200028668915,"Halpine, Charles G.",Poetical works of Charles G. Halpine (Miles O'Reilly),,random,0
uc2.ark+=13960=t0dv1cw73,not,obscure,1891,0,m,,12568,0.428892557169,"Irvine, J. P.",The green leaf and the gray,,random,0
loc.ark+=13960=t6rx9vf7j,not,obscure,1913,0,,,10467,0.0373959155697,"Courtney, T. Alcliffe.",Songs of love,,random,0
loc.ark+=13960=t5k93s006,not,obscure,1854,1819,m,us,33464,0.477303335142,"Taylor, Benjamin Franklin,",January and June,,random,0
loc.ark+=13960=t63494g1k,not,obscure,1907,1876,m,us,4785,0.0281101284755,"Creel, George,",Quatrains of Christ,,random,0
uc2.ark+=13960=t0gt5hn4z,rev,known,1912,1886,f,us,12898,0.790067539812,"Akins, Zoë,",Interpretations,PMV,reviewed,1
loc.ark+=13960=t2891sx2w,rev,known,1871,1825,m,us,36257,0.803630664833,"Stoddard, Richard Henry,","The book of the East, and other poems",ATL,reviewed,1
mdp.39015011913525,addedbecausecanon,known,1899,1872,m,us,25094,0.292915270964,"Dunbar, Paul Laurence",Lyrics of the Hearthside,,"Norton, added",0
uc2.ark+=13960=t1cj8g26m,rev,known,1908,1871,m,uk,10692,0.900031343359,"Davies, W. H.",Nature poems and others,FR,reviewed,1
loc.ark+=13960=t7jq1gj08,not,obscure,1862,1835,m,us,24027,0.0888667672373,"Hewes, George Whitfield.",Ballads of the war,,random,0
uc2.ark+=13960=t7kp7vd46,not,obscure,1878,1850,m,us,46793,0.145517881236,"Brunton, William,",Daisies,,random,0
nyp.33433066626783,rev,known,1890,1835,f,us,19279,0.774540198709,"Moulton, Louise Chandler,",In the garden of dreams,FR,reviewed,1
wu.89099755217,rev,known,1867,1819,m,us,44943,0.429327265495,"Holland, J. G.",Kathrina,ATL,reviewed,1
uc1.b167500,rev,known,1855,1816,m,uk,30552,0.642757756748,"Bailey, Philip James,",The mystic and other poems,ER,reviewed,1
nyp.33433066644851,rev,known,1916,1878,m,us,16762,0.89986945584,"Sandburg, Carl,",Chicago poems,PMV,"Norton, in-set",1
nnc1.1002223996,not,obscure,1819,0,m,us,2684,0.0158957594096,"Scott, Moses Y.",The deaf and dumb;,,random,0
loc.ark+=13960=t3cz3pj65,not,obscure,1873,1820,m,us,6179,0.46520180588,"Case, Leonard,",Treasure trove;,,random,0
nyp.33433074891130,not,obscure,1903,1880,m,uk,20609,0.463739119831,"Noyes, Alfred,",The flower of old Japan,,random,0
uc2.ark+=13960=t9h41kc6j,not,obscure,1885,1856,f,us,15943,0.0262514380707,"Jordan, Margaret E.",Echoes from the pines,,random,0
nyp.33433066643903,rev,known,1879,1838,f,us,21552,0.937448656275,"Bates, Charlotte Fiske,","Risk, and other poems",ATL,reviewed,1
loc.ark+=13960=t24b3nc5c,rev,obscure,1862,0,,,34315,0.677747208551,L,"Sybelle, and other poems",WR,reviewed,1
nyp.33433074931332,not,obscure,1864,1800,m,uk,15037,0.795927296176,"Taylor, Henry,",The poetical works,,random,0
uc1.b166949,rev,known,1866,1830,f,uk,20018,0.848972218116,"Rossetti, Christina Georgina,",The prince's progress and other poems,WR,"Norton, in-set",1
uc2.ark+=13960=t0vq2v44m,rev,known,1904,1856,f,uk,18676,0.818861524809,"Woods, Margaret L.",Poems old and new,FR,reviewed,1
uc2.ark+=13960=t12n5658q,rev,known,1915,1886,f,uk,2290,0.974784545059,"Cornford, Frances Darwin,",Spring morning,EGO,reviewed,1
uc2.ark+=13960=t7pn9060k,rev,known,1896,1867,m,uk,17607,0.948198858168,"Dowson, Ernest Christopher,",The poems of Ernest Dowson,SAV,"Norton, in-set",1
nyp.33433066640792,rev,known,1870,1830,f,us,18900,0.952582734535,"Jackson, Helen Hunt,",Verses,ATL,reviewed,1
uc2.ark+=13960=t6vx06j62,not,obscure,1873,1849,m,us,39648,0.340274338798,"Saltus, Francis Saltus,",Honey and gall,,random,0
mdp.39015055468584,not,obscure,1880,1846,f,uk,4231,0.346928723387,"Greenaway, Kate,",Under the window;,,random,0
nyp.33433074901194,not,obscure,1897,1861,m,uk,21518,0.444763996606,"Howard, Henry Newman,",Footsteps of Proserpine and other verses and interludes,,random,0
mdp.39015065423868,not,obscure,1860,0,m,us,36886,0.615427254058,"Newman, John B.",Wa-Wa-Wanda,,random,0
uc2.ark+=13960=t79s1pt8q,rev,known,1901,1834,m,us,14645,0.722934939778,"Webb, Charles Henry,",With lead and line along varying shores;,ATL,reviewed,1
loc.ark+=13960=t1cj8vs53,not,obscure,1902,1840,f,us,5145,0.429546559708,"Welsh, Mary Elizabeth,",Kapiolani;,,random,0
mdp.39015066062160,rev,known,1896,1859,m,uk,10220,0.580520863627,"Housman, A. E.",A Shropshire lad,FR,"Norton, in-set",1
mdp.39015030841830,not,obscure,1898,1878,m,us,17309,0.103378651864,anonymous2,Vermont verse,,random,0
uc2.ark+=13960=fk5p84448t,rev,known,1902,1866,m,us,6542,0.40808935027,"Taylor, Bert Leston,",Line-o'-type lyrics,ATL,reviewed,1
uc2.ark+=13960=t9q23x35j,rev,known,1865,1819,m,uk,25024,0.41161804532,"Capern, Edward,",Wayside warbles,FR,reviewed,1
loc.ark+=13960=t0wq0dz13,not,obscure,1872,0,m,us,16251,0.133624609843,"Armstrong, J. A.",Harvest,,random,0
njp.32101067172872,rev,known,1914,1886,m,uk,13705,0.900165041336,"Sassoon, Siegfried,",The old huntsman,PMV,"Norton, in-set",1
uc1.31822038204301,rev,known,1881,1854,m,uk,29952,0.90122703939,"Wilde, Oscar,",Poems,ATL,"Norton, in-set",1
nnc1.cr60018283,not,obscure,1869,1815,m,us,138474,0.024872124145,"Jones, Darius E.",Songs for the new life ;,,random,0
nnc1.0043351883,rev,known,1820,1787,m,uk,23918,0.791853699553,"Cornwall, Barry,",A Sicilian story,ER,reviewed,1
loc.ark+=13960=t40s0803k,not,obscure,1918,1876,m,us,16059,0.20815133449,"Jenness, Burt Franklin,",Man-o'-war rhymes,,random,0
loc.ark+=13960=t0qr5g21z,not,obscure,1902,0,,,12024,0.419813905684,"Haswin, Frances Rosina. [from old catalog]",Some songs and verses,,random,0
njp.32101065604579,not,obscure,1820,0,f,uk,6936,0.12945153861,"Woodcock, Henry,",Laura,,random,0
uc2.ark+=13960=t6k070h7g,rev,known,1918,1881,f,uk,8729,0.96132998765,"Farjeon, Eleanor,",Sonnets and poems,EGO,reviewed,1
hvd.32044058247099,rev,known,1842,1809,m,uk,28917,0.985756625638,"Tennyson, Alfred Tennyson,",Poems in two volumes,GrM,"Norton, in-set",1
uc2.ark+=13960=t3rv0d813,rev,known,1911,1864,m,us,25492,0.820504875722,"Watts, Harvey Maitland,",The wife of Potiphar,PMV,reviewed,1
uc1.b3335682,rev,known,1912,1878,m,uk,9495,0.956829066442,"Gibson, Wilfrid Wilson,",Fires,FR,reviewed,1
mdp.49015002077973,rev,known,1855,1819,m,us,99458,0.633526598505,"Whitman, Walt,",Leaves of grass,WR,"Norton, in-set",1
nyp.33433044042400,not,obscure,1899,1837,f,us,73465,0.210227016504,"Machar, Agnes Maule,",Lays of the 'True North',,random,0
hvd.hwjueh,not,obscure,1839,1788,m,us,24051,0.118066390001,"Emmons, Richard,",The battle of Bunker Hill,,random,0
loc.ark+=13960=t5t72zr45,not,obscure,1879,1863,f,us,7636,0.704382926127,"Eastman, Elaine Goodale,",In Berkshire with the wild flowers,,random,0
hvd.hwkq92,rev,known,1830,1808,f,uk,49296,0.946120371903,"Norton, Caroline Sheridan,","The undying one, and other poems",ER,reviewed,1
uc2.ark+=13960=t5bc3tb51,rev,known,1880,1852,m,us,21677,0.294404996131,"Peacock, Thomas Brower,",The rhyme of the border war,ATL,reviewed,1
uc2.ark+=13960=t87h1kw4b,rev,known,1896,1867,m,uk,11226,0.654329141538,"AE,",The earth breath and other poems,FR,reviewed,1
loc.ark+=13960=t40s0cg0n,not,obscure,1891,0,m,,39415,0.548704365696,"Stevens, Orrin Cedesman.","An idyl of the sun, and other poems",,random,0
uc2.ark+=13960=t1xd0tj53,not,obscure,1863,1832,m,uk,46164,0.0563575102856,"Shipley, Orby,",Lyra eucharistica,,random,0
uc1.b183776,not,obscure,1882,1799,m,us,12125,0.105314704958,"Alcott, Amos Bronson,",Sonnets and canzonets,,random,0
mdp.39015059421811,rev,known,1872,1809,m,uk,14473,0.900277796408,"Hake, Thomas Gordon,",Parables & tales,FR,reviewed,1
mdp.39015063931839,rev,known,1912,1873,m,us,5906,0.976672179876,"How, Louis,",The youth replies,PMV,reviewed,1
uc2.ark+=13960=t0rr1v740,rev,known,1833,1805,m,uk,30244,0.382010774453,"Overton, Charles.",Ecclesia anglicana;,ER,reviewed,1
uc2.ark+=13960=t9959d062,rev,known,1869,1819,m,us,38194,0.857412788513,"Lowell, James Russell,",Under the willows,FR,"Norton, in-set",1
loc.ark+=13960=t4xh06r18,not,known,1855,1836,m,us,12493,0.301535642816,"Winter, William,",Poems,,random,0
loc.ark+=13960=t3nw08094,not,obscure,1871,1839,f,us,19073,0.0359246569364,"Spalding, Lucy Billings,","The ruined statues, and other poems",,random,0
uc2.ark+=13960=t0vq2xh3w,not,obscure,1869,1841,m,uk,22494,0.546740615619,"Ranking, Boyd Montgomerie Maurice,",Poems,,random,0
hvd.32044010164861,not,obscure,1814,1783,m,uk,39991,0.35571152468,"Nicholson, William,",[Tales in verse,,random,0
uc2.ark+=13960=t7vm4642f,rev,known,1878,1789,f,uk,25298,0.930333809704,"Elliot, Charlotte,",Medusa and other poems,BM,reviewed,1
nyp.33433074802640,not,obscure,1897,1843,m,us,14570,0.234603614184,"Young, Claiborne Addison.",Way songs and wanderings,,random,0
njp.32101067632925,not,obscure,1873,1840,m,uk,24077,0.917282627326,"Dobson, Austin,",Vignettes in rhyme and vers de société (now first collected),,random,0
loc.ark+=13960=t13n30w9p,not,obscure,1917,1888,f,us,9111,0.186015007261,"Andrews, Edith Fargo.",Vagrant visions,,random,0
loc.ark+=13960=t3nv9z201,not,obscure,1917,1855,f,us,9522,0.0117447717768,"Kirk, Annie (Brindley),",Inspirational poems,,random,0
inu.32000007041967,rev,known,1881,1834,m,uk,145149,0.828816889501,"Morris, William,",The story of Sigurd the Volsung and the fall of Niblungs,FR,"Norton, in-set",1
uc1.b166335,rev,known,1847,1775,m,uk,52107,0.89982041967,"Landor, Walter Savage,",The Hellenics of Walter Savage Landor,ER,reviewed,1
mdp.39015065250162,rev,known,1905,1875,f,us,26207,0.730798112049,"Branch, Anna Hempstead,","The shoes that danced, and other poems",ATL,reviewed,1
loc.ark+=13960=t2g740b7g,not,obscure,1891,1824,m,us,1110,0.00750008299605,"[Loomis, George],",Memorial or Decoration day,,random,0
mdp.39015013092401,rev,known,1885,1809,m,uk,25099,0.880919467693,"Tennyson, Alfred Tennyson,",Tiresias,FR,"Norton, in-set",1
uc2.ark+=13960=t1hh6hw20,rev,known,1828,1759,m,uk,14379,0.193119958293,"Sharp, Richard,",Epistles in verse,QR,reviewed,1
uc1.b2828936,not,obscure,1889,0,f,,15125,0.321514562668,"Robertson, Janet Logie.",New songs of innocence,,random,0
uc1.l0071844237,rev,known,1820,1793,f,uk,88583,0.587910586455,"Hemans,",The sceptic ;,QR,"Norton, in-set",1
wu.89099777773,not,obscure,1883,1835,m,us,47970,0.332897881762,"Croffut, W. A.",A midsummer lark,,random,0
njp.32101067680247,not,obscure,1918,1867,f,uk,25885,0.655339458336,"Carmichael, Amy,",Made in the pans,,random,0
nyp.33433075817829,rev,known,1891,1844,m,us,9239,0.528648691274,"Gilder, Richard Watson,",Two worlds,ATL,reviewed,1
uc2.ark+=13960=t4cn71f36,rev,known,1907,1865,m,uk,22430,0.711230718241,"Ainslie, Douglas,",Mirage,FR,reviewed,1
uc2.ark+=13960=t8x926w5s,not,obscure,1872,1828,m,uk,21489,0.785833871089,"Sawyer, William Kingston,",The legend of Phyllis,,random,0
uc2.ark+=13960=t23b62184,not,obscure,1892,1866,m,uk,18737,0.489754650566,"Le Gallienne, Richard,",English poems,,random,0
loc.ark+=13960=t4pk0vn19,rev,known,1913,1874,m,us,6217,0.657634340614,"Frost, Robert,",A boy's will,PMV,"Norton, in-set",1
loc.ark+=13960=t2891sf2m,rev,known,1886,1835,f,us,11622,0.920843334806,"Thaxter, Celia,","The cruise of the Mystery, and other poems",ATL,reviewed,1
uc1.b273058,not,obscure,1878,1825,m,us,30109,0.0349698789444,"Poston, Charles D.",Apache-land,,random,0
uc2.ark+=13960=t6d221h2q,not,obscure,1911,0,,,4780,0.0848646987989,"Phipps, Sarah Metcalf.",Thoughts in rhyme,,random,0
uc2.ark+=13960=t3kw57x2q,rev,known,1860,1794,m,us,1023,0.971972480455,"Bryant, William Cullen,",A forest hymn,ATL,"Norton, in-set",1
uc1.b3546464,rev,known,1895,1867,m,uk,27582,0.817637273314,"Johnson, Lionel Pigot,",Poems,FR,reviewed,1
uc1.b158313,rev,known,1852,1823,m,us,23467,0.66270392725,"Boker, George H.",The Podesta's Daughter,GrM,reviewed,1
inu.39000001277370,not,obscure,1853,1818,m,uk,38231,0.21477475527,"Hollingsworth, Alfred Johnstone,",The poetical works of the late Alfred Johnstone Hollingsworth,,random,0
uc2.ark+=13960=t52f7kv9h,rev,known,1825,1794,f,us,39723,0.599311396128,"Brooks, Maria Gowen,","Zóphiël; or, The bride of seven",QR,reviewed,1
nyp.33433066649108,rev,known,1887,1831,f,us,15925,0.714542115419,"Perry, Nora,",New songs and ballads,ATL,reviewed,1
uc2.ark+=13960=t9f47r02d,not,obscure,1868,1850,m,uk,7979,0.451562955311,"Earle, John Charles,",Maximilian,,random,0
uc2.ark+=13960=t05x2b429,not,obscure,1821,0,f,uk,30542,0.0444845888212,"Garrington, Eliza.",Spiritual recreations in the chamber of affliction,,random,0
uc2.ark+=13960=t9280b81v,not,obscure,1897,0,m,uk,34119,0.561724178871,"Green, Septimus G.",Jennifred,,random,0
nyp.33433076026503,rev,known,1875,1813,m,us,50962,0.766444630618,"Cranch, Christopher Pearse,",The bird and the bell,ATL,reviewed,1
uc2.ark+=13960=t3610z72h,not,obscure,1893,1865,m,us,12617,0.186516457721,"Merkley, George Earle,",Canadian melodies and poems,,random,0
nyp.33433066625991,not,obscure,1875,0,,,10647,0.0375268677851,"Peckham, P. Annetta.",Welded links,,random,0
njp.32101067004570,rev,known,1862,1828,m,uk,26952,0.130857671159,"Wingate, David,",Poems and songs,BM,reviewed,1
mdp.39015033891238,rev,known,1881,1827,m,us,22081,0.776624533536,"Trowbridge, J. T.",A home idyl,ATL,reviewed,1
nyp.33433074800131,rev,known,1911,1883,f,us,10627,0.831201005759,"Wilkinson, Marguerite Ogden Bigelow,",In vivid gardens; songs of the woman spirit,PMV,reviewed,1
loc.ark+=13960=t1zc8cv86,not,obscure,1902,1857,f,us,7994,0.404615797169,"Van Cleve, Alice Davis. [from old catalog]",The Queen's rosary,,random,0
nyp.33433076031099,not,obscure,1843,1787,f,us,132134,0.134989491365,"Davidson, Margaret Miller,",Selections from the writings of Mrs. Margaret M. Davidson,,random,0
uc1.b166368,rev,known,1819,1791,m,uk,7200,0.777979996331,"Leigh, Chandos,",The view,ER,reviewed,1
nyp.33433074826789,not,obscure,1911,1855,m,us,25172,0.442883522724,"Warman, Cy,",Songs of Cy Warman,,random,0
loc.ark+=13960=t5s75wn6s,rev,obscure,1874,0,,,27555,0.772683613802,"Hudson, H. R.",Poems,ATL,reviewed,1
loc.ark+=13960=t3zs39k35,not,obscure,1889,1849,m,us,4309,0.00382128378505,"Crosby, Powell R. [from old catalog]","Po Crosby's Labor odes, containing twenty-five beautiful odes",,random,0
uc1.b3315087,not,known,1878,1849,m,us,26223,0.610418742628,"Riley, James Whitcomb,",The flying islands of the night,,random,0
njp.32101068170776,rev,known,1865,1819,f,us,32045,0.590182850754,"Howe, Julia Ward,",Later lyrics,ATL,reviewed,1
nyp.33433075838023,rev,known,1895,1823,f,us,16781,0.880414095224,"Stoddard, Elizabeth,",Poems,ATL,reviewed,1
hvd.hxdamf,not,obscure,1842,1802,m,us,10927,0.125401046017,"Pierce, Augustus",The rebelliad;,,random,0
loc.ark+=13960=t8cg05x2c,rev,known,1867,1803,m,us,6236,0.884494437639,"Calvert, George Henry,",Ellen: a poem for the times,ATL,reviewed,1
nyp.33433075777346,not,obscure,1845,1784,m,us,70394,0.201830233191,"Oehlenschläger, Adam Gottlob,",The gods of the North,,random,0
uc2.ark+=13960=t75t3n448,not,obscure,1873,1849,m,uk,16213,0.277379277268,"Stewart, William John.",Scattered leaflets,,random,0
loc.ark+=13960=t9183w60x,not,obscure,1895,1846,m,us,34447,0.236316512802,"Savage, Richard,",After many years,,random,0
njp.32101067627149,not,obscure,1890,1828,m,us,16653,0.012478420851,"Anderson, Duncan,","Lays of Canada, and other poems",,random,0
hvd.hwnzqz,rev,known,1819,1788,m,uk,6780,0.930497573628,"Byron, George Gordon Byron,",The prophecy of Dante,ER,"Norton, in-set",1
uc1.b3315153,rev,known,1875,1811,m,uk,42803,0.855902341004,"Scott, William Bell,",Poems,FR,reviewed,1
uc2.ark+=13960=t45q4rv9v,rev,known,1853,1829,m,uk,34325,0.852858554475,"Smith, Alexander,",Poems,ER,reviewed,1
loc.ark+=13960=t00z7rp24,not,obscure,1868,0,,,2273,0.0670310131931,anonymous6,The San Francisco fairy,,random,0
wu.89089198006,rev,known,1820,1795,m,uk,28970,0.710010939132,"Keats, John,","Lamia, Isabella, the eve of Saint Agnes, and other poems",ER,"Norton, in-set",1
uc1.b119795,rev,known,1831,1775,m,uk,37310,0.778979687305,"Landor, Walter Savage,","Gebir, Count Julian, and other poems",QR,reviewed,1
nyp.33433074962709,not,obscure,1860,1824,m,us,40077,0.165338442309,"Valentine, Mann Satterwhite,",The mock auction,,random,0
uc2.ark+=13960=t4kk95h1q,rev,known,1914,1886,m,us,20623,0.775521897115,"Benét, William Rose,",The falconer of God,PMV,reviewed,1
njp.32101074868017,not,obscure,1839,1807,m,us,15325,0.0461410466485,"Pratt, Parley P.",The millennium and other poems,,random,0
mdp.39015063926003,not,obscure,1910,1871,f,us,4231,0.576579064343,"Ranum, Louise Cann,",Dreams,,random,0
uc2.ark+=13960=t9p26w55v,rev,known,1878,1831,f,uk,72318,0.781318818722,"Phillips, Susan K.",On the seaboard,COR,reviewed,1
uc2.ark+=13960=t14m91w7c,not,obscure,1895,1863,m,uk,8242,0.420803495968,"Groser, Horace George.",Little folks land,,random,0
mdp.39015063947074,not,obscure,1914,1855,m,us,4658,0.0297819727238,"O'Hagan, Thomas,",In the heart of the meadow,,random,0
uc2.ark+=13960=t5k93645c,rev,known,1914,1879,m,uk,4056,0.850436683291,"Monro, Harold,",Children of love,EGO,reviewed,1
mdp.39015059390164,rev,known,1857,1809,m,uk,26346,0.725522830551,"Blackie, John Stuart,",Lays and Legends of Ancient Greece,WR,reviewed,1
nyp.33433076014723,not,obscure,1820,1799,m,us,41104,0.404649731802,"Sands, Robert Charles,",The writings of Robert C. Sands,,random,0
loc.ark+=13960=t0dv25v7j,not,obscure,1917,1860,f,us,14890,0.270262506518,"Reed, Helen Leah,","Memorial Day, and other verse (original and translated)",,random,0
uc1.b4101052,rev,known,1916,1868,m,us,30827,0.850462629222,"Masters, Edgar Lee,",Songs and satires,PMV,reviewed,1
njp.32101067300184,not,obscure,1862,1807,m,uk,16887,0.128737699884,"Park, Andrew,",The world,,random,0
nyp.33433066626338,not,obscure,1870,1825,m,us,39729,0.0619535911256,"Nash, Gilbert,",Bay leaves,,random,0
uc1.b274748,not,obscure,1870,0,f,us,37123,0.0262114655572,"Stephens, Lydia W.",Heart Problems,,random,0
uc2.ark+=13960=t0tq5tm1v,not,obscure,1862,1801,m,uk,47906,0.0629217905001,"Kinloch, William Penney,",Time's treasure;,,random,0
uc1.b3311873,not,obscure,1830,1780,m,uk,21202,0.630465567898,"Croly, George,",The poetical works of the Rev. George Croly,,random,0
uc1.b182470,not,obscure,1833,1813,m,uk,17902,0.29090726575,"Graham, John,",A vision of fair spirits,,random,0
uc2.ark+=13960=t4pk0b904,not,obscure,1818,0,m,uk,14311,0.180013972662,"Briggs, John,",,,random,0
uc2.ark+=13960=t5n875h7n,rev,known,1892,1825,f,us,81949,0.785902702707,"Dorr, Julia C. R.",Poems,ATL,reviewed,1
mdp.39015060438739,not,obscure,1856,1814,m,uk,19201,0.182522059616,"Hiller, O. Prescott",The pleasures of religion and other poems,,random,0
loc.ark+=13960=t00z7s04j,rev,known,1878,1840,m,us,16366,0.780759126734,"McKnight, George,","Life and faith, sonnets",ATL,reviewed,1
uc1.b167489,rev,known,1820,1784,m,uk,40273,0.484429687026,"Barton, Bernard,",Poems,ER,reviewed,1
loc.ark+=13960=t4qj7w512,not,obscure,1871,0,,,8195,0.182272118327,"Gates, Rozina. [from old catalog]",A panoramic view of the creation!,,random,0
nyp.33433076013501,not,obscure,1880,1806,m,us,15881,0.29859928912,"Currier, Moody,",Early poems,,random,0
njp.32101049721457,not,obscure,1896,1861,m,uk,7802,0.328841268078,"Ainslie, R. St. John",Sedbergh school songs,,random,0
nyp.33433066650874,rev,known,1912,1876,m,us,22359,0.652775545437,"Leonard, William Ellery,",The vaunt of man;,PMV,reviewed,1
uc1.b166356,not,obscure,1866,1822,m,uk,78492,0.469140594246,"Leighton, Robert,",Poems,,random,0
loc.ark+=13960=t5fb5nd8n,not,obscure,1887,1819,m,us,94887,0.0183602213174,"Paxton, W. M.",Poems,,random,0
mdp.39015028372848,not,obscure,1853,1826,m,uk,20925,0.111606256422,Kālidāsa.,The birth of the war-god,,random,0
njp.32101066709666,not,obscure,1833,0,m,uk,18706,0.249329598638,"Apperley, Charles Owen.","Europe, a political sketch;",,random,0
uc1.b3556169,rev,known,1861,1808,f,uk,18288,0.833621584662,"Norton, Caroline Sheridan,",The lady of La Garave,WR,reviewed,1
uc2.ark+=13960=t6vx09698,not,obscure,1882,1820,f,us,18213,0.35801331715,"Bailey, Urania Locke Stoughton,",Star-flowers,,random,0
nyp.33433074914437,rev,known,1835,1770,m,uk,42138,0.876696057635,"Wordsworth, William,",Yarrow revisited,QR,"Norton, in-set",1
loc.ark+=13960=t2891p34v,rev,known,1891,1859,f,us,11627,0.95374707046,"Cone, Helen Gray,",The ride to the lady,ATL,reviewed,1
dul1.ark+=13960=t84j19z0d,not,obscure,1861,1834,m,us,1684,0.094346285473,"Mangum, A. W.",The holy shield,,random,0
loc.ark+=13960=t7dr3dz91,not,obscure,1901,1881,f,us,17970,0.0436866636784,"Pickett, Anita Trueman,",Philo-sophia;,,random,0
loc.ark+=13960=t8ff4bv0c,not,obscure,1878,1801,m,us,32194,0.17188965241,"Means, Alexander,",A cluster of poems,,random,0
miun.abr7660.0001.001,rev,known,1918,1873,m,uk,11133,0.813748549308,"Ford, Ford Madox,","On Heaven, and poems written on active service",EGO,reviewed,1
uc2.ark+=13960=t6057k92v,not,obscure,1871,1830,m,uk,2575,0.507115547234,"Kingsley, Henry,",The lost child,,random,0
njp.32101067631919,not,obscure,1837,0,m,uk,18780,0.554669976632,"Dearden, William,",The star-seeker,,random,0
loc.ark+=13960=t5r78vm8q,not,obscure,1866,0,,,9422,0.0664542098954,"Almy, Annie Whittier.",Early poems,,random,0
uc2.ark+=13960=t55d8t71f,rev,known,1824,1789,m,uk,23198,0.210693819321,"Conder, Josiah,",Star in the East;,QR,reviewed,1
uc2.ark+=13960=t8gf0rg1p,not,obscure,1820,0,f,uk,18264,0.0728743054676,"Grimstone, Mary Leman.","Zayda, a Spanish tale, in three cantos, and other poems, stanzas, and canzonets",,random,0
nyp.33433074849278,not,obscure,1903,1853,m,us,19191,0.108122110395,"Faulkner, S. E. Sherwood.",Sea murmurs and woodland songs,,random,0
uc2.ark+=13960=t9g44q082,rev,known,1846,1814,m,uk,60330,0.756322564701,"Mackay, Charles,",Voices from the crowd;,WR,reviewed,1
uc2.ark+=13960=t5n877k3f,rev,known,1853,1824,m,uk,64597,0.959766729355,"Dobell, Sydney,",Balder,WR,reviewed,1
loc.ark+=13960=t1zc8q99n,rev,known,1882,1835,f,us,21228,0.92599910214,"Spofford, Harriet Elizabeth Prescott,",Poems,ATL,reviewed,1
mdp.39015063931565,rev,known,1845,1813,m,us,17984,0.468548890361,"Hirst, Henry Beck,",The coming of the mammoth,GrM,reviewed,1
nyp.33433074906813,not,obscure,1829,1783,m,uk,28191,0.318424039272,"Heber, Reginald,",Poems,,random,0
uc2.ark+=13960=t7zk5876h,not,obscure,1823,1800,m,us,11661,0.0364219668893,"Bancroft, George,",Poems,,random,0
loc.ark+=13960=t2g740m4m,not,obscure,1870,0,,,17247,0.174242873121,"Atkinson, Mary Ellen.",Ivy leaves,,random,0
loc.ark+=13960=t2w38b121,not,obscure,1860,0,,,20274,0.154141105894,"Coutts, W. G. [from old catalog]",The games,,random,0
loc.ark+=13960=t6349841r,rev,known,1864,1821,m,us,33205,0.935814754669,"Tuckerman, Frederick Goddard,",Poems,ATL,reviewed,1
mdp.39015008296884,not,known,1918,1878,m,uk,14637,0.785681000754,"Thomas, Edward,",Last poems,,"Norton, in-set",0
hvd.hwpnme,rev,known,1828,1788,m,uk,67915,0.67179407368,"Atherstone, Edwin,",The fall of Nineveh;,ER,reviewed,1
uc2.ark+=13960=t4cn74b90,rev,known,1861,1816,m,uk,41101,0.596579852116,"Maunsell, George Edmond.",Poems,WR,reviewed,1
uc1.b182449,rev,known,1877,1840,m,uk,20454,0.828350587134,"Dobson, Austin,","Proverbs in porcelain, and other verses",COR,reviewed,1
loc.ark+=13960=t85h8fd4f,not,obscure,1916,1848,m,us,19835,0.0888206059667,"White, Charles Edward,",Poems of school and life,,random,0
uc2.ark+=13960=t3222ww5h,not,obscure,1894,1849,m,uk,6045,0.0504464791896,"Image, Selwyn,",Poems & carols,,random,0
mdp.39015065460522,not,obscure,1875,1811,m,uk,35961,0.229605629408,"Moffat, James C.",Alwyn,,random,0
emilydickinson,addedbecausecanon,known,1866,1830,f,us,28989,0.698655216546,"Dickinson, Emily",Poems,,"Norton, added",0
njp.32101067707651,not,obscure,1874,1848,m,uk,4981,0.522199905097,"Beck, Edward Anthony,",The Holy sepulchre,,random,0
uc2.ark+=13960=t9n29q258,rev,known,1881,1834,f,us,32490,0.773338599327,"Fields, Annie,",Under the olive,ATL,reviewed,1
uc2.ark+=13960=t41r6ng25,not,obscure,1912,1874,m,us,38455,0.313683314838,"Underwood, John Curtis,",Americans,,random,0
uc2.ark+=13960=t1td9p63g,not,obscure,1912,1853,m,us,18229,0.433204393597,"Peterson, Edmund Deacon.","Eros, and other poems",,random,0
loc.ark+=13960=t76t19455,not,obscure,1917,1890,m,us,14259,0.251688851671,"Bachtell, Paul B.",At Lucifer's portals,,random,0
njp.32101041423706,rev,known,1861,1788,m,uk,174463,0.554138889159,"Atherstone, Edwin,",Israel in Egypt,WR,reviewed,1
loc.ark+=13960=t3320dh5b,not,obscure,1867,0,,,8828,0.16661800247,"[D'Arusmont, William E. Guthrie] [from old catalog]",The betrothed,,random,0
uc2.ark+=13960=t57d2rh5g,rev,obscure,1902,1859,m,us,14821,0.715679247461,"Millard, Bailey,",Songs of the press and other adventures in verse,ATL,reviewed,1
loc.ark+=13960=t9g458b15,not,obscure,1915,1855,f,us,1251,0.285627740824,"Ferris, Mary Lanman Douw ""Mrs. Morris P. Ferris,"",",A legend of New Year eve,,random,0
uc2.ark+=13960=t0qr4p29x,not,obscure,1878,0,,,71708,0.502215691819,"Hopkins, Alphonso A.","Waifs, and their authors",,random,0
uc2.ark+=13960=t09w0f810,not,obscure,1825,0,f,uk,12718,0.0445275935602,"Cursham, Mary Anne.",Martin Luther,,random,0
uc1.$b803433,not,obscure,1873,1813,m,us,5662,0.0408483596131,"Ricketson, Daniel,",The factory-bell,,random,0
njp.32101051388039,not,obscure,1862,1831,f,uk,19632,0.147384465725,"Fotherby, Marie J. E.",Poems,,random,0
uc1.b166365,not,obscure,1898,1852,m,uk,10025,0.315044432946,"Latymer, Francis Burdett Thomas Coutts-Nevill,",The Alhambra and other poems,,random,0
loc.ark+=13960=t5w671s6k,not,obscure,1861,1835,f,us,42642,0.375444330663,"Jones, Amanda Theodocia,","Ulah, and other poems",,random,0
loc.ark+=13960=t9f48bc94,not,obscure,1882,0,f,,102305,0.0490604703579,"Seibert, John.",The morning star,,random,0
nyp.33433066571302,not,obscure,1887,1853,f,us,28351,0.0920511870107,"Read, Jane Maria,",Between the centuries and other poems,,random,0
loc.ark+=13960=t7dr3ch6b,not,obscure,1859,1806,m,us,18393,0.0585689133372,"[Hoyt, Ralph],",Echoes of memory and emotion,,random,0
uc2.ark+=13960=t1kh0gm2b,rev,known,1870,1843,m,uk,15982,0.946626332238,"Myers, F. W. H.",Poems,BM,reviewed,1
loc.ark+=13960=t46q2j373,not,obscure,1878,1842,f,us,17485,0.108541611355,"Jones, Julia Clinton.",Valhalla,,random,0
njp.32101068142908,not,obscure,1845,1794,m,us,25791,0.196309484144,"Lewis, Alonzo,","Love, forest flowers, and sea shells",,random,0
uc2.ark+=13960=fk9v11w414,rev,known,1914,1885,m,us,14306,0.75195131725,"Untermeyer, Louis,",Challenge,PMV,reviewed,1
uc2.ark+=13960=t8mc8v73b,rev,obscure,1900,1846,m,us,13758,0.656882607394,"Mifflin, Lloyd,",The fields of dawn and later sonnets,ATL,reviewed,1
uc1.b274729,not,obscure,1894,1859,m,us,21110,0.575997385099,"Thayer, William Roscoe,",Poems;,,random,0
njp.32101063883340,rev,known,1829,1808,f,uk,23285,0.804373759948,"Norton, Caroline Sheridan,",The sorrows of Rosalie,GrM,reviewed,1
loc.ark+=13960=t4dn4r64d,rev,known,1897,1833,m,us,25362,0.626007033287,"Stedman, Edmund Clarence,","Poems, now first collected",ATL,reviewed,1
nyp.33433074963582,not,obscure,1871,1834,m,us,22183,0.575447974315,"Stanton, Henry T.","The Moneyless Man, and Other Poems",,random,0
uc2.ark+=13960=t04x56q61,rev,known,1884,1857,f,uk,18189,0.970577659598,"Robinson, A. Mary F.",The new Arcadia and other poems,ATL,reviewed,1
loc.ark+=13960=t85h85q7m,not,obscure,1901,1870,f,us,27775,0.113736135556,"Heyer, Mary B.",Under the southern sun [poems],,random,0
uc2.ark+=13960=t02z17v0j,rev,known,1872,1834,m,uk,37901,0.732750613173,"Noel, Roden,",The red flag,FR,reviewed,1
uc1.b165933,rev,known,1854,1828,m,uk,43089,0.481075451174,"Massey, Gerald,",The ballad of Babe Christabel,ER,reviewed,1
uc2.ark+=13960=t4vh5j76c,rev,known,1866,1821,m,uk,47482,0.66771322477,"Plumptre, E. H.","Master and scholar, etc., etc",WR,reviewed,1
loc.ark+=13960=t5p84vh35,rev,known,1855,1807,m,us,38531,0.814973881969,"Longfellow, Henry Wadsworth,",The song of Hiawatha,GrM,"Norton, in-set",1
ellisbell1848,addedbecausecanon,known,1848,1818,f,uk,9088,0.83540970384,"Brontë, Emily","Poems of Acton, Currer, and Ellis Bell",,"Norton, added",0
uc1.b274679,rev,known,1860,1816,m,us,17307,0.770559172399,"Lowell, Robert,",Fresh hearts that failed three thousand years ago,ATL,reviewed,1
loc.ark+=13960=t4nk3w21x,rev,obscure,1873,0,,,44061,0.482405624742,"Colman, James F.","The knightly heart, and other poems",ATL,reviewed,1
uc2.ark+=13960=t07w6cd1m,rev,known,1895,1860,f,uk,11023,0.980585765972,"Watson, Rosamund Marriott,",Vespertilia and other verses,YB,reviewed,1
loc.ark+=13960=t6834m35p,not,obscure,1913,1839,m,us,11181,0.313357178079,"Raymond, George Lansing,",The mountains about Williamstown,,random,0
uc2.ark+=13960=t4kk99f3f,rev,known,1858,1819,m,uk,20714,0.724531735539,"Kingsley, Charles,",Andromeda and other poems,WR,"Norton, in-set",1
mdp.39015030756970,rev,known,1914,1874,f,us,27569,0.925311634063,"Lowell, Amy,",Sword blades and poppy seed,EGO,"Norton, in-set",1
nyp.33433076035355,not,obscure,1842,1809,f,us,44191,0.298840534088,"Scott, Julia H. Kinney,",Poems,,random,0
nyp.33433074955141,rev,known,1842,1809,m,uk,32710,0.912019221236,"Tennyson, Alfred Tennyson,",Poems in two volumes,GrM,"Norton, in-set",1
uc2.ark+=13960=t5db86m4v,not,obscure,1912,1881,f,us,4597,0.343320502168,"Henderson, Alice Corbin,",The spinning woman of the sky;,,random,0
loc.ark+=13960=t2h70wf5d,not,obscure,1915,1858,m,us,5030,0.0386336542281,"Bolmer, Clarence Buckmaster.",Day dreams,,random,0
uc1.b325378,not,obscure,1881,1836,m,us,36809,0.461314660468,"Gordon, Hanford Lennox,",Legends of the Northwest,,random,0
uc2.ark+=13960=t1kh0h70v,not,obscure,1866,0,,,6100,0.167690080018,A.,"The starling of the spire; or, A bird's eye view of the church as it was",,random,0
loc.ark+=13960=t81k00b4k,not,obscure,1887,0,f,,10728,0.0139210945979,"Teske, T. Alcliffe.",Heart echoes,,random,0
uc2.ark+=13960=t6736rz12,rev,known,1855,1824,m,uk,26193,0.776365373493,"Allingham, William,",Day and night songs; and The music-master,ER,reviewed,1
uc2.ark+=13960=t9v121d4v,not,obscure,1869,0,,,15112,0.0606665208442,"Ethelburga, O. S. B.","In coelo quies, and other poems",,random,0
nyp.33433075742027,rev,known,1887,1854,f,us,17282,0.765305571271,"Thomas, Edith Matilda,",Lyrics and sonnets,ATL,reviewed,1
njp.32101064787359,rev,known,1828,1784,m,uk,25387,0.341302096405,"Barton, Bernard,",A New Year's Eve and Other Poems,WR,reviewed,1
njp.32101067629178,rev,known,1886,1850,m,us,8819,0.603303941853,"Bates, Arlo,",Berries of the brier,ATL,reviewed,1
uc2.ark+=13960=t4pk09t89,not,obscure,1880,1830,m,,40226,0.29566613773,"St. John, Charles Henry.",Country love and city life,,random,0
nyp.33433066644828,not,obscure,1915,1876,m,us,19720,0.089284805777,"Sanford, J. E.","His one tune, and a few others",,random,0
loc.ark+=13960=t9d519g22,not,obscure,1883,1818,m,us,21614,0.007705211275,"Underwood, John,",El muza,,random,0
nyp.33433074819172,rev,known,1868,1840,m,us,43095,0.869524402742,"Wright, William Bull,",Highland rambles: a poem,ATL,reviewed,1
wu.89098011836,not,obscure,1878,1859,f,us,14332,0.0755965210683,"Bell, Lura,",Echoes of time and tide,,random,0
inu.30000108907506,not,obscure,1847,1794,m,us,70345,0.162045287806,"Tappan, William B.",Sacred and miscellaneous poems,,random,0
uc1.b2831659,not,obscure,1886,0,,,22389,0.33423929748,anonymous3,Chimes from a poet's belfrey,,random,0
nyp.33433066637236,not,obscure,1886,1823,m,us,12421,0.0847633758101,"Harris, Thomas Lake,",The joy-bringer,,random,0
loc.ark+=13960=t3fx82c2q,addedbecausecanon,known,1871,1825,f,us,7480,0.177247924152,"Harper, Frances Ellen Watkins",Poems,,"Norton, added",0
mdp.39015063947066,not,obscure,1887,1855,m,us,7385,0.0401378516308,"O'Hagan, Thomas,",A gate of flowers,,random,0
loc.ark+=13960=t01z4r32p,not,obscure,1914,1870,m,us,22475,0.0712735556114,"Hewes, Charles Edwin,",Songs of the Rockies,,random,0
loc.ark+=13960=t6zw1zm9g,not,obscure,1867,1811,m,us,23796,0.0886593993218,"Cox, Sandford C.","The evangelist, and other poems",,random,0
uc2.ark+=13960=t2f766k62,rev,known,1894,1862,m,us,26137,0.914550250525,"Mitchell, Langdon Elwyn,",Poems,ATL,reviewed,1
hvd.hxgf8x,not,obscure,1820,1775,m,uk,13758,0.171364231624,"Watson, James,",The spirit of the doctor,,random,0
uc2.ark+=13960=t5h990m69,rev,known,1901,1875,f,us,18555,0.925794504856,"Branch, Anna Hempstead,",The heart of the road,ATL,reviewed,1
hvd.hwkq93,rev,known,1840,1808,f,uk,46679,0.87693269404,"Norton, Caroline Sheridan,",The dream,GrM,reviewed,1
uc2.ark+=13960=t57d2tm7m,rev,known,1819,1793,f,uk,29118,0.472609363036,"Hemans,",Tales and historic scenes in verse,QR,"Norton, in-set",1
loc.ark+=13960=t7sn0q200,not,obscure,1860,1812,m,us,18887,0.244804027169,"Chapman, George Walton,",A tribute to Kane,,random,0
uc1.b4100506,rev,known,1917,1879,m,uk,2846,0.991522336499,"Campbell, Joseph,",Earth of Cualann,EGO,reviewed,1
njp.32101051387882,not,obscure,1856,0,,uk,9161,0.161646913238,"Charlesworth, E. G.",Poems,,random,0
nyp.33433076026321,not,obscure,1846,0,m,us,50891,0.22931824886,"White, Albert.","Sacred poems, poems of love & romance, humorous and narrative poems",,random,0
njp.32101025285659,rev,known,1862,1819,m,uk,40898,0.737771025002,"Clough, Arthur Hugh,",Poems,BM,reviewed,1
loc.ark+=13960=t91846423,not,obscure,1901,1876,m,us,7938,0.160589860209,"Smith, Robinson,",The soul-at-arms and other poems,,random,0
uc1.b253348,not,obscure,1878,1844,m,us,89506,0.199652052832,"Cowan, Frank,",Southwestern Pennsylvania in song and story,,random,0
mdp.39015051715038,not,obscure,1912,0,,,36690,0.852874026235,anonymous1,"Georgian poetry, 1911-1912",,random,0
mdp.39015030707155,rev,known,1901,1828,m,uk,15365,0.714402647713,"Meredith, George,",A reading of life,FR,"Norton, in-set",1
uc2.ark+=13960=t1sf2qq5z,rev,known,1828,1807,m,uk,22704,0.643071237831,"Montgomery, Robert,",The omnipresence of the Deity,ER,reviewed,1
loc.ark+=13960=t0gt62k04,not,obscure,1902,1839,f,us,18636,0.0445082545925,"Wilder, Cordelia Beardsley.",Kitchen visits with the muses,,random,0
uc1.b167383,rev,known,1887,1845,m,uk,33912,0.933627641321,"Canton, William,",A lost epic,BM,reviewed,1
uc1.b3810610,rev,known,1907,1881,m,uk,4770,0.981400431524,"Colum, Padraic,",Wild earth;,TNA,reviewed,1
uc1.b167470,rev,known,1853,1832,m,uk,26857,0.691098076303,"Arnold, Edwin,","Poems, narrative and lyrical",WR,reviewed,1
nyp.33433066651138,rev,known,1914,1879,m,us,19161,0.794072587223,"Lindsay, Vachel,",The Congo and other poems,PMV,reviewed,1
nyp.33433081895090,not,obscure,1897,1844,f,us,16902,0.022009291194,"Fordham, Mary Weston.",Magnolia leaves,,random,0
uc2.ark+=13960=t6736mr5n,not,obscure,1917,1888,m,us,4334,0.748800934054,"Aikins, Carroll.",Poems,,random,0
uc1.b182525,rev,known,1872,1830,m,us,42647,0.881160898981,"Hayne, Paul Hamilton,",Legends and lyrics,ATL,reviewed,1
loc.ark+=13960=t55d9qp4v,not,obscure,1903,0,,,10522,0.0376009689975,"Kelley, N. P. [from old catalog]",Poems,,random,0
uc1.b4410403,rev,known,1888,1819,m,us,36292,0.842500199667,"Lowell, James Russell,",Heartsease and rue,FR,"Norton, in-set",1
mdp.39015063915642,not,obscure,1916,1880,m,uk,7020,0.673443410863,"Bashford, H. H.",Songs out of school,,random,0
loc.ark+=13960=t50g4bb04,not,obscure,1900,0,,,4198,0.111098688587,"Dickson, William Bradford. [from old catalog]",Psalms of soul,,random,0
mdp.39015063920428,not,obscure,1887,1828,f,us,29835,0.017949635931,"Kail, Mary E.,",Crown our heroes,,random,0
loc.ark+=13960=t7wm1th1h,not,obscure,1902,1819,m,us,14767,0.134262764342,"McClintick, William Trimble. [from old catalog]",Verses written during a busy lawyer's life,,random,0
loc.ark+=13960=t3902s17h,not,obscure,1918,1884,m,us,12437,0.4514367677,"Gruse, Edward.",Echoes of democracy,,random,0
loc.ark+=13960=t03x8vs4n,not,obscure,1871,0,,,1194,0.193082479835,"Wallace, E. D.",England's last queen,,random,0
mdp.39015030050648,rev,known,1862,1830,f,uk,52321,0.881276197377,"Rossetti, Christina Georgina,",Goblin market and other poems,WR,"Norton, in-set",1
uc2.ark+=13960=t9h41kd1k,rev,known,1900,1825,f,us,10421,0.92165231817,"Dorr, Julia C. R.",Afterglow;,ATL,reviewed,1
njp.32101067004133,not,obscure,1886,1816,m,uk,25649,0.418708022538,"Thom, Robert W.,",Poems and ballads,,random,0
umn.31951d008327233,not,obscure,1874,1838,m,us,11713,0.0160416365037,"Hall, C. A.","Songs for the Grange, dedicated to the Order of Patrons of Husbandry in the United States",,random,0
loc.ark+=13960=t7qn6kz4k,not,obscure,1866,1839,m,us,9974,0.0164408524483,"Crider, Henry M.,",Pedagogics,,random,0
uc2.ark+=13960=t3xs5ms31,not,obscure,1880,1840,m,uk,43484,0.967235518396,"Symonds, John Addington,",New and old,,random,0
nyp.33433074849005,not,obscure,1859,1831,m,uk,17119,0.307607388221,"Farrar, F. W.",Lyrics of life,,random,0
uc1.b3342759,not,obscure,1919,1874,f,us,4807,0.0385027016125,"Wigren, Bessie C.",Summer wind,,random,0
uc2.ark+=13960=t39z93k29,not,obscure,1819,1786,m,uk,25918,0.0966618589481,"Woodley, George,",Cornubia,,random,0
loc.ark+=13960=t56d6fr15,not,obscure,1871,1819,m,us,28457,0.17230027345,"Smith, Francis S.",Poems for the million,,random,0
uc2.ark+=13960=t9f47jv43,rev,known,1820,1793,m,uk,26731,0.44397742408,"Clare, John,",Poems descriptive of rural life and scenery,QR,"Norton, in-set",1
mdp.39015048709672,rev,known,1916,1873,m,uk,8180,0.960854320627,"De la Mare, Walter,","The listeners, and other poems",PMV,reviewed,1
nyp.33433074907209,not,obscure,1831,1804,m,us,21871,0.328513813124,"Hawley, W. F.",The unknown;,,random,0
nyp.33433076030042,rev,known,1840,1819,m,us,29020,0.427654007828,"Cone, Spencer Wallace,",The proud ladye,GrM,reviewed,1
nyp.33433082128426,not,obscure,1893,1867,m,us,31791,0.0789725726813,"Currie, George G.",How I once felt,,random,0
nyp.33433074846878,rev,known,1849,1812,m,uk,38584,0.884156979324,"Browning, Robert,",Poems,GrM,"Norton, in-set",1
uc2.ark+=13960=t7rn35b8n,rev,known,1889,1841,f,uk,21991,0.967524382873,"Blind, Mathilde,",The ascent of man,BM,reviewed,1
uc2.ark+=13960=t42r42k8x,rev,known,1872,1824,m,uk,26765,0.564277430707,"Smith, Walter C.",Olrig Grange,FR,reviewed,1
uc2.ark+=13960=t5w66g25p,not,obscure,1880,1808,m,uk,56508,0.557584463282,"Turner, Charles Tennyson,","Collected sonnets, old and new",,random,0
uc2.ark+=13960=t80k2ck75,rev,known,1860,1814,m,uk,22504,0.836548892207,"Mackay, Charles,",A man's heart,WR,reviewed,1
uc2.ark+=13960=t4pk0c98d,rev,known,1872,1811,m,uk,117966,0.749172139493,"Domett, Alfred,",Ranolf and Amohia,FR,reviewed,1
nyp.33433066625637,not,obscure,1869,1831,m,us,41331,0.216114254201,"Peffer, William Alfred,",Myriorama,,random,0
uc2.ark+=13960=t6zw19s10,rev,known,1892,1850,m,us,33676,0.510309571688,"Field, Eugene,",Second book of verse,ATL,reviewed,1
uc2.ark+=13960=t06w9c11h,rev,known,1869,1835,m,uk,10491,0.612457185213,"Garnett, Richard,",Idylls and epigrams,FR,reviewed,1
mdp.39015070462083,not,obscure,1828,1788,m,uk,7260,0.0846753374494,"Bird, James,",Dunwich;,,random,0
nyp.33433004008284,not,obscure,1856,1812,m,us,21886,0.227654982907,"Prime, Samuel Irenæus",The smitten household,,random,0
nyp.33433066657317,not,obscure,1912,0,,,9657,0.797450860312,"Shepard, Mary Norsworthy.",Where it listeth,,random,0
loc.ark+=13960=t4bp0rb8b,not,obscure,1912,1869,f,us,16073,0.730363374114,"Goodwin, Grace Duffield.",Horizon songs,,random,0
loc.ark+=13960=t3320jj4z,rev,obscure,1866,0,,,22449,0.363004424301,"Clark, Annie E.",Poems,ATL,reviewed,1
uc2.ark+=13960=t4gm84g69,not,obscure,1895,1840,f,us,13772,0.0912541948527,"Cocke, Zitella,",A Doric reed,,random,0
uc2.ark+=13960=t16m34j1k,rev,known,1854,1823,m,uk,46488,0.539138484711,"Patmore, Coventry Kersey Dighton,",The angel in the house,ER,reviewed,1
uc2.ark+=13960=t5w66h075,rev,known,1881,1824,m,uk,60966,0.732826460072,"Palgrave, Francis Turner,",The visions of England,MM,reviewed,1
mdp.39015030659935,rev,known,1902,1844,m,uk,9001,0.721218210308,"Bridges, Robert,",Bramble Brae,ATL,reviewed,1
nyp.33433076035140,rev,known,1845,1809,m,us,22790,0.439444451907,"Poe, Edgar Allan,",Poetical Works of Edgar Allen Poe,ATL,"Norton, in-set",1
nnc1.1002356570,not,obscure,1871,0,,uk,3162,0.0255780871453,anonymous5,"Verses for the people, suitable to the times, by an Englishman",,random,0
uc1.b4104728,rev,known,1859,1809,m,uk,47098,0.864070922518,"Tennyson, Alfred Tennyson,",Idyls of the King,WR,"Norton, in-set",1
gerardmhopkins1918,addedbecausecanon,known,1889,1844,m,uk,15200,0.954042111794,"Hopkins, Gerard Manley",Poems of Gerard Manley Hopkins,,"Norton, added",0
uva.x002264382,rev,known,1908,1846,f,uk,22320,0.915597430174,"Field, Michael.",Wild honey from various thyme,TNA,"Norton, in-set",1
uc1.b3626228,rev,known,1917,1889,m,us,22734,0.983766902726,"Aiken, Conrad,","Nocturne of remembered spring, and other poems",EGO,reviewed,1
loc.ark+=13960=t8sb4zz1q,addedbecausecanon,known,1921,1885,m,uk,3549,0.921298223056,"Lawrence, D. H.",Tortoises,,"Norton, added",0
uc2.ark+=13960=t0vq2sd89,not,obscure,1898,1853,m,us,25459,0.283876428579,"Olmsted, Charles Sanford,",December musings and other poems,,random,0
uc2.ark+=13960=t7dr2r59g,not,obscure,1828,1766,f,uk,5176,0.066172122779,"Watts, Susanna,",The insects in council,,random,0
mdp.39015063542537,rev,known,1873,1835,m,uk,14740,0.902164918488,"Austin, Alfred,",Madonna's child,FR,reviewed,1
